trial_id,animal_id,frame,time_s,fps,coordinate_unit,nose_tip_x,nose_tip_y,nose_tip_z,nose_tip_likelihood,left_paw_tip_x,left_paw_tip_y,left_paw_tip_z,left_paw_tip_likelihood,right_paw_tip_x,right_paw_tip_y,right_paw_tip_z,right_paw_tip_likelihood,trunk_center_x,trunk_center_y,trunk_center_z,trunk_center_likelihood
sticker_demo_10s_001,simulated_mouse_001,0,0.0,30,mm,0.037657655216546265,-0.03972388165588761,62.05387714135418,0.99,-29.971352190138884,11.960516148998328,37.80877280623138,0.99,30.067983913058704,-11.834178277559332,38.39177736503931,0.99,0.18562070190474395,-0.06086857866814408,35.805294206491226,0.99
sticker_demo_10s_001,simulated_mouse_001,1,0.033333,30,mm,-0.36931716393575287,-0.16048866817322324,62.380443125451194,0.99,-29.932728831329715,11.713760652916676,37.99575148341109,0.99,29.854061908134945,-11.925070010733918,38.24378357163295,0.99,-0.04536105822032071,-0.21063039897026756,35.88774143456264,0.99
sticker_demo_10s_001,simulated_mouse_001,2,0.066667,30,mm,0.2800949965856135,0.28166047564867497,61.94363926964377,0.99,-30.038208598703996,12.100435422990195,38.244917644983644,0.99,29.988426794074492,-12.259442457281839,37.87305835765444,0.99,0.0049623452615872275,-0.027696000635569512,35.68670496712858,0.99
sticker_demo_10s_001,simulated_mouse_001,3,0.1,30,mm,-0.11523506594477313,-0.21723745551083706,61.84384766565667,0.99,-29.880797000499182,12.141682804668882,38.37776029648554,0.99,29.953383534853998,-12.211580859622186,37.955571299918766,0.99,-0.3603018397930306,-0.1870524299869734,35.79634354300952,0.99
sticker_demo_10s_001,simulated_mouse_001,4,0.133333,30,mm,-0.02922782481234658,0.125838529465875,62.08530548769417,0.99,-29.904864471257035,11.988558565531962,38.01045678066479,0.99,29.665433940984222,-11.899314908952217,38.056080821179904,0.99,0.5029436019079275,0.32496002591908385,36.37140891916647,0.99
sticker_demo_10s_001,simulated_mouse_001,5,0.166667,30,mm,-0.0660702697701563,0.09686359352818212,61.88292327739211,0.99,-29.89566702447415,11.98813242414031,38.11414086780964,0.99,30.126340515303298,-11.98381643163031,38.02867346890747,0.99,-0.0004284559052023101,-0.02484660161046526,35.63991043133873,0.99
sticker_demo_10s_001,simulated_mouse_001,6,0.2,30,mm,-0.24928045351257808,-0.1394175882764239,61.81546057906329,0.99,-29.73971097010975,11.904273799237114,38.1978317689465,0.99,30.11200597334189,-12.222339504942399,37.750541880660656,0.99,-0.28028360325363977,0.12320493821295485,36.43924726998176,0.99
sticker_demo_10s_001,simulated_mouse_001,7,0.233333,30,mm,-0.24833960792382934,0.08635623882272292,61.70518619186089,0.99,-29.970974343023823,12.002016318629805,37.608129048213264,0.99,29.971817674709964,-11.872611589857314,38.48576565668204,0.99,0.20889909551300434,-0.0398813507774043,35.946076679249764,0.99
sticker_demo_10s_001,simulated_mouse_001,8,0.266667,30,mm,-0.5284723482213106,0.20199405807876925,61.896939770358365,0.99,-29.53080136465881,12.217495208597075,37.930858272694195,0.99,29.828638453032575,-11.654333027223396,37.942900929349214,0.99,-0.0344910009395458,-0.14726049833403307,35.72027237812453,0.99
sticker_demo_10s_001,simulated_mouse_001,9,0.3,30,mm,0.2026280682481484,-0.26836200272695,61.94764043636556,0.99,-30.4586781298998,12.011837574577381,38.15768640177609,0.99,29.760872516743444,-12.309047982847641,37.87414898118177,0.99,0.11705814441197696,-0.176696906223607,35.870757922364305,0.99
sticker_demo_10s_001,simulated_mouse_001,10,0.333333,30,mm,-0.12806248712349183,-0.30446387841352357,62.19129458142628,0.99,-29.967638031552564,12.284875042915544,38.122604965935665,0.99,30.018154505684727,-12.13147758815004,37.971479182268126,0.99,0.2136464561292738,-0.08941989303623696,35.90826475457334,0.99
sticker_demo_10s_001,simulated_mouse_001,11,0.366667,30,mm,-0.11336471718658239,-0.27195774365706615,62.14736866667693,0.99,-30.10881522334923,11.574356162487812,38.2049663470863,0.99,29.716806444751924,-12.099102226885163,37.81624544473318,0.99,-0.08763172998238006,0.1454566824868244,35.81223512769532,0.99
sticker_demo_10s_001,simulated_mouse_001,12,0.4,30,mm,0.3261246746321438,-0.12979385097852036,61.726841295156646,0.99,-30.151788653575636,12.100232578382,37.985236866788675,0.99,29.738673815407473,-11.859827609876088,37.68122522207134,0.99,0.09235147186551008,0.12469907726948402,35.58451872128842,0.99
sticker_demo_10s_001,simulated_mouse_001,13,0.433333,30,mm,-0.24334740024561885,-0.04443742741591305,61.69640823330852,0.99,-30.01858096369218,12.431635569093062,38.3953068444607,0.99,30.39072024564268,-11.82534258198633,37.99029509502059,0.99,-0.016839212913196098,0.34843539326754436,35.93905436561239,0.99
sticker_demo_10s_001,simulated_mouse_001,14,0.466667,30,mm,-0.08254027170085199,-0.3244883340907977,61.72735112493532,0.99,-29.987764361462574,11.94296523595451,37.89714396936282,0.99,30.10896392252576,-12.04308663935454,37.96974957143167,0.99,0.04720480634893479,0.12964787160700103,36.26741639496529,0.99
sticker_demo_10s_001,simulated_mouse_001,15,0.5,30,mm,-0.07727945735560755,0.1810903834534254,62.201997958523364,0.99,-30.0127915727604,11.824848195306247,37.86466120967671,0.99,29.80519768353401,-11.890961806442508,37.84831157777625,0.99,-0.05951862210477369,-0.13090403215733346,35.912383543515126,0.99
sticker_demo_10s_001,simulated_mouse_001,16,0.533333,30,mm,-0.45768025704242155,-0.28720773967590424,62.23649498452754,0.99,-29.89281132035513,12.167476681234499,38.33946810658606,0.99,29.71971489355734,-11.701616283808669,37.74619180644789,0.99,0.060135327031519394,-0.14435728195017236,35.774012850192705,0.99
sticker_demo_10s_001,simulated_mouse_001,17,0.566667,30,mm,-0.08210945823246846,-0.24597503466669762,62.37165648954231,0.99,-30.006390409313667,12.137879852193135,37.9704384822806,0.99,29.690227361042094,-11.797767144759659,38.0180483943417,0.99,-0.10386730880224493,-0.11771981741631239,36.07104992219078,0.99
sticker_demo_10s_001,simulated_mouse_001,18,0.6,30,mm,-0.07503049959880254,0.08431656155878775,62.01386236697347,0.99,-30.313440811331724,12.307208224562597,37.698758245508714,0.99,29.662636747118654,-12.175798961705835,38.03202135345795,0.99,0.04141592083200044,0.4746704817340023,36.298091990684696,0.99
sticker_demo_10s_001,simulated_mouse_001,19,0.633333,30,mm,-0.01238942500511365,-0.20634101812025205,62.25550343293418,0.99,-30.182426154910505,12.310213563086666,38.115442237704876,0.99,29.996515018778894,-11.575318526487413,37.79411834681851,0.99,0.034531116240940594,-0.3973444416839018,35.97524799088569,0.99
sticker_demo_10s_001,simulated_mouse_001,20,0.666667,30,mm,0.09182034797353761,0.35521872504174856,62.157952322076696,0.99,-29.888000016548133,12.1773948894466,38.1683492861514,0.99,29.964246255866346,-11.911184504891487,38.31621841441953,0.99,-0.06161375528594581,0.3173303811012887,35.88847419903725,0.99
sticker_demo_10s_001,simulated_mouse_001,21,0.7,30,mm,-0.13007955682643835,0.054324517509184315,61.74877026909516,0.99,-29.925741415813327,12.131843555901536,37.81874387753079,0.99,30.254418444775776,-12.078457648485507,37.71822867739507,0.99,0.30048688834285686,0.28298280413420573,35.701974075998685,0.99
sticker_demo_10s_001,simulated_mouse_001,22,0.733333,30,mm,0.16200753210312055,0.36104327901740896,62.04579813937977,0.99,-29.908224625416565,12.044348107422465,37.86068825853808,0.99,29.665398295979163,-12.13856385341322,38.17279052148473,0.99,0.04633253094232394,0.0001899558570529603,36.042662897596344,0.99
sticker_demo_10s_001,simulated_mouse_001,23,0.766667,30,mm,0.12885212757380782,-0.46732829193291203,62.04979203190612,0.99,-29.966038667824037,11.98454379650817,38.19436730217733,0.99,29.883545227591657,-12.415802494277338,38.14982449329964,0.99,-0.21613224279082496,0.10954387346478418,36.33273687574885,0.99
sticker_demo_10s_001,simulated_mouse_001,24,0.8,30,mm,-0.20474786837969777,-0.05778288373402679,61.56682493804407,0.99,-29.984291529505324,11.826923169883521,37.75907148890939,0.99,30.09314851131686,-11.895882366248928,38.41509197903647,0.99,-0.07882775794986613,0.1251575203215498,35.80731795879557,0.99
sticker_demo_10s_001,simulated_mouse_001,25,0.833333,30,mm,0.2093771209298423,-0.004618019101329816,62.09864800358888,0.99,-29.942964927042997,12.03622020842398,38.20132468777763,0.99,30.18958408155727,-12.478212950297635,37.99940228940308,0.99,0.20264994233974987,-0.011994838247868346,35.949128244097544,0.99
sticker_demo_10s_001,simulated_mouse_001,26,0.866667,30,mm,0.02898526428303205,-0.04010035511154842,62.30107064516512,0.99,-30.18489663702765,11.93288989133497,38.24226353300805,0.99,30.159608666599286,-11.925549039788587,37.994503086651534,0.99,0.28134445357773846,0.016413727931232677,36.07798965011712,0.99
sticker_demo_10s_001,simulated_mouse_001,27,0.9,30,mm,-0.44722532576353013,0.017711109521637333,61.77075700163739,0.99,-29.86314933059836,11.979349042613315,38.09595023999351,0.99,29.88010633307692,-12.017064890562823,38.13090082694037,0.99,0.24598544610351314,0.2278084504311828,35.99314861342675,0.99
sticker_demo_10s_001,simulated_mouse_001,28,0.933333,30,mm,-0.08722915366408812,-0.21388795987090525,61.77708928679234,0.99,-29.901474376385615,11.5457782267958,38.044543737458966,0.99,29.902871207293483,-11.649024324738535,38.2092290237215,0.99,-0.0018254047359852867,-0.3333268867162925,35.89676262341199,0.99
sticker_demo_10s_001,simulated_mouse_001,29,0.966667,30,mm,0.0939019445917214,0.2832462085793607,62.33857348007498,0.99,-29.812582770558816,12.129167081530335,38.26354498132845,0.99,29.89407739345112,-11.803677076625897,38.04138931256209,0.99,-0.1107486260422548,0.2227202601129243,36.12255376117863,0.99
sticker_demo_10s_001,simulated_mouse_001,30,1.0,30,mm,-0.11833729191924028,0.10129442771263018,62.24112865497875,0.99,-30.14927183022772,11.955003348388614,38.13386266883774,0.99,29.790460390053465,-12.265262176749529,37.9068987743943,0.99,-0.035529709758593216,0.15094266396170009,36.00448792878813,0.99
sticker_demo_10s_001,simulated_mouse_001,31,1.033333,30,mm,-0.03985058653290957,0.01603387517001787,61.90544220267192,0.99,-30.121377028926187,12.065851412531876,37.81219698958581,0.99,29.81168557042667,-12.157862482639105,38.01703619367503,0.99,0.2310239862596306,0.1881699199806982,36.147655902220166,0.99
sticker_demo_10s_001,simulated_mouse_001,32,1.066667,30,mm,-0.3860649936035697,-0.2519015184181714,62.217184840796904,0.99,-29.6119698780664,11.928823850254314,37.871044867324,0.99,30.295223498513675,-12.226610924990263,37.95157929864637,0.99,-0.08907268363272561,-0.7342085044701923,35.924184139511254,0.99
sticker_demo_10s_001,simulated_mouse_001,33,1.1,30,mm,0.07589199266633867,-0.2733745688106563,62.18529925541373,0.99,-30.192052477448744,11.836482921716149,37.482592312825496,0.99,30.007310621798275,-12.060327210412542,37.91214895510907,0.99,-0.20336801071593086,-0.06517911296474092,36.15853670510012,0.99
sticker_demo_10s_001,simulated_mouse_001,34,1.133333,30,mm,0.05671780295411775,0.04960372696717477,61.886565359895876,0.99,-30.169806110594855,11.950868699264065,38.15942726536117,0.99,30.00720288532944,-11.912316018892051,38.0918480015013,0.99,0.11292424976713455,0.17222105504835017,36.02021825344642,0.99
sticker_demo_10s_001,simulated_mouse_001,35,1.166667,30,mm,0.26596933415903096,0.2637412179190584,61.954690288383944,0.99,-30.25025600508751,11.990313028198146,38.17952330348839,0.99,29.829313531023722,-11.680033611164747,38.41990692474188,0.99,-0.31061632922259813,-0.011890575710221403,35.926281015688836,0.99
sticker_demo_10s_001,simulated_mouse_001,36,1.2,30,mm,-0.316704752393563,-0.1012672754691105,62.31247139425154,0.99,-29.92453125223536,12.155216759409418,37.92460271448195,0.99,30.203986914262853,-12.317838043877606,37.930271901908135,0.99,0.052797865407082714,-0.276468570610493,35.91687614211197,0.99
sticker_demo_10s_001,simulated_mouse_001,37,1.233333,30,mm,-0.06692701572334063,0.025948554536581087,62.44035444611963,0.99,-29.990048609627483,11.920629830279296,37.809344612081745,0.99,29.999123946567263,-12.058781589254547,38.33856116643896,0.99,0.04575264235482579,0.0787281804872293,36.24321818515874,0.99
sticker_demo_10s_001,simulated_mouse_001,38,1.266667,30,mm,0.1187037503118989,0.5192097355895177,61.97307333593783,0.99,-29.997981143378386,12.20510020325414,38.303320815580406,0.99,29.72681980683004,-12.216975185564873,38.30323189232256,0.99,0.037204957970159346,0.035932807838968885,36.33148203568901,0.99
sticker_demo_10s_001,simulated_mouse_001,39,1.3,30,mm,0.09680529170352345,0.32067476415046214,61.96667286496794,0.99,-29.596674223844758,12.001110225005442,38.09324032524906,0.99,30.14655669532913,-11.946459980721274,38.08509514771455,0.99,-0.2203194099238607,-0.006096781444511821,36.03446152893762,0.99
sticker_demo_10s_001,simulated_mouse_001,40,1.333333,30,mm,0.1330702156541444,-0.0877974843640203,61.88451310194576,0.99,-30.3680142480755,11.75972282362801,37.62121947832126,0.99,29.739626999938945,-11.841794011719838,37.9458653934017,0.99,0.08820323140013553,-0.20578986865057391,35.86257276341458,0.99
sticker_demo_10s_001,simulated_mouse_001,41,1.366667,30,mm,-0.10473266700701243,0.2299943049114569,62.13768786454035,0.99,-29.779612783715574,12.021689730946248,38.12255059893118,0.99,30.061257865925956,-12.201743174033972,37.57247558150223,0.99,-0.038317091553475804,0.4249557914682166,36.11261818535269,0.99
sticker_demo_10s_001,simulated_mouse_001,42,1.4,30,mm,0.4292326718327412,0.2926879255422007,62.67853927350403,0.99,-30.236510113645085,11.849444897301476,37.71116531834586,0.99,30.038639942578666,-11.922127503823553,38.00189470023871,0.99,-0.06576488727663957,-0.04683176016388827,35.7966351713475,0.99
sticker_demo_10s_001,simulated_mouse_001,43,1.433333,30,mm,-0.10571335839791629,-0.18197537977885436,62.142825845970265,0.99,-30.011336093989865,11.777490960217289,37.86392123601345,0.99,29.92067805999628,-12.137843372337688,37.978148632652456,0.99,-0.17115913060760085,0.24383445255688288,36.3597806006466,0.99
sticker_demo_10s_001,simulated_mouse_001,44,1.466667,30,mm,-0.18374982277964264,0.11019653277185881,62.07406218869188,0.99,-29.892430807078746,12.011531824970174,37.71824511083417,0.99,29.861380701323874,-12.101397825654315,37.9376150910718,0.99,-0.06337342240920814,-0.22651159555582684,35.95102604715593,0.99
sticker_demo_10s_001,simulated_mouse_001,45,1.5,30,mm,0.2027182746771147,-0.1256982036833292,62.113570458196975,0.99,-30.230266708207026,11.792255537106241,38.13225814575887,0.99,29.896794057462472,-11.938329734003826,38.284839887999105,0.99,0.10289093482288303,0.27660426689638834,36.007544566236014,0.99
sticker_demo_10s_001,simulated_mouse_001,46,1.533333,30,mm,-0.12137485363931243,-0.21418581323385477,61.926279733961486,0.99,-30.054904337371376,11.869835478857057,37.87706556674679,0.99,29.745651315628063,-12.073082445815244,37.888883132623455,0.99,-0.43272570914475117,-0.3960695214967831,35.764380205020004,0.99
sticker_demo_10s_001,simulated_mouse_001,47,1.566667,30,mm,-0.09189719488032948,-0.05847011594859183,62.07847881111973,0.99,-30.205563391241455,12.213090209494649,38.13403076925638,0.99,30.206139548496104,-11.992603011317225,38.09562348266637,0.99,-0.1111466583965253,0.1991910929972524,36.05995275809625,0.99
sticker_demo_10s_001,simulated_mouse_001,48,1.6,30,mm,-0.03135252505907703,0.2165120335356615,62.09861498909561,0.99,-30.134188753244484,11.718927532799407,38.237370685686095,0.99,29.886258524632648,-12.001638342914978,37.92904414747028,0.99,-0.3031376042486371,0.04918375073394364,35.94423275360054,0.99
sticker_demo_10s_001,simulated_mouse_001,49,1.633333,30,mm,-0.024030299559357596,-0.11362821673733814,62.074485369300966,0.99,-30.10083794535094,11.859607436558347,37.599705621361586,0.99,29.960881823764257,-11.976129219877844,37.722564488366224,0.99,0.23211866196431546,-0.05646103878092316,36.12909873033264,0.99
sticker_demo_10s_001,simulated_mouse_001,50,1.666667,30,mm,-0.0758181483787364,0.027817481671540675,62.05693269681927,0.99,-29.7834893670975,12.088031442360842,38.325136003210986,0.99,30.097652218010314,-12.263449019170396,38.055420863321345,0.99,0.2609028144842743,0.08266290244667883,36.127468638370864,0.99
sticker_demo_10s_001,simulated_mouse_001,51,1.7,30,mm,0.09357490840697667,0.014023607030565127,61.838963833591755,0.99,-29.6359992953051,11.803834799654565,37.85989167519864,0.99,30.06948197458967,-12.11831034063259,37.5759681050071,0.99,-0.06945048159128302,0.31225195514459164,35.79512153323922,0.99
sticker_demo_10s_001,simulated_mouse_001,52,1.733333,30,mm,0.1267879255291615,-0.012665487923307265,62.23272175574832,0.99,-30.16150970111234,12.21520632894072,38.41767042678201,0.99,29.6986610262961,-12.36700820678601,38.07470959726076,0.99,-0.25438362025372024,0.2063473144104795,35.90629232706534,0.99
sticker_demo_10s_001,simulated_mouse_001,53,1.766667,30,mm,0.2791016073137415,-0.1688646331855487,62.08152209902545,0.99,-30.12825587363156,11.93301296834495,38.18646136041273,0.99,29.89811496722074,-11.786098366898898,38.104185952158915,0.99,0.18253729557739384,0.05755686136220142,36.13208419503451,0.99
sticker_demo_10s_001,simulated_mouse_001,54,1.8,30,mm,-0.009810309699196267,0.2663099502999504,62.12398045513341,0.99,-30.097717074446653,11.927856695317013,38.065002781090435,0.99,29.899722381222396,-11.86659184768477,37.762335589532306,0.99,-0.4414599790588204,-0.20812722506283696,35.94244743855369,0.99
sticker_demo_10s_001,simulated_mouse_001,55,1.833333,30,mm,-0.206609707481093,0.013462056518321476,62.08720575273751,0.99,-29.89075719886922,11.71362446100692,38.000327339149294,0.99,30.32740257003537,-11.799551070559794,37.959815153099576,0.99,-0.20266919937618322,-0.025813409641183838,36.00176130666256,0.99
sticker_demo_10s_001,simulated_mouse_001,56,1.866667,30,mm,0.3971759636369902,-0.2132103418643396,61.66208135303904,0.99,-29.954606017571844,12.169655916916996,37.68192009005307,0.99,30.426094083673508,-11.688970319968554,38.10600719279673,0.99,0.13090973579436582,-0.307554410527239,36.05557162245937,0.99
sticker_demo_10s_001,simulated_mouse_001,57,1.9,30,mm,0.1458358098595877,0.288460592660887,62.00789143557201,0.99,-29.783960075456555,11.763605025359764,38.1750707482542,0.99,30.157249256714806,-12.32079079214019,38.08340568373255,0.99,0.22463886551354137,-0.4230792301570656,35.69805812504736,0.99
sticker_demo_10s_001,simulated_mouse_001,58,1.933333,30,mm,-0.16872851724324514,0.1931561119410693,62.22828435875056,0.99,-29.908441631904534,12.035993546287056,38.182011333328454,0.99,29.956958824443976,-11.80756174949146,38.10981734501691,0.99,0.09936019707964387,0.10524519422766179,35.7565429553335,0.99
sticker_demo_10s_001,simulated_mouse_001,59,1.966667,30,mm,0.09974742622415315,-0.002194859701308338,62.16072322612716,0.99,-30.224210599211776,12.159712260101632,38.526143938440164,0.99,30.249273101752447,-12.329820232351997,37.98103436830181,0.99,0.1449066866443874,0.4393545406242522,35.805548455965386,0.99
sticker_demo_10s_001,simulated_mouse_001,60,2.0,30,mm,0.34214636223590156,0.20419919298250902,62.16070411882582,0.99,-0.610277564751932,-1.339235752625801,61.22847661157761,0.99,30.084378418542308,-11.980678949359177,38.233123587695395,0.99,0.17479560275890127,0.10957916704005762,35.8705696031905,0.99
sticker_demo_10s_001,simulated_mouse_001,61,2.033333,30,mm,0.05416896669846716,0.2873586424003535,62.30731123833243,0.99,-1.4067014578894805,-0.1392193044015163,60.789447483510294,0.99,29.473108526731117,-12.319914531428312,37.752988728141354,0.99,0.09683760353880443,-0.13898481734510984,36.380149269396874,0.99
sticker_demo_10s_001,simulated_mouse_001,62,2.066667,30,mm,0.029043770823444066,-0.17183976771256979,61.68513286864258,0.99,-0.7417622159536741,0.9442664933674527,60.504169517945954,0.99,30.143078700163798,-12.005061547946415,38.27564017837748,0.99,0.32781645113523095,-0.12778747938260426,36.212840786262426,0.99
sticker_demo_10s_001,simulated_mouse_001,63,2.1,30,mm,0.55091447034305,-0.3770877275272734,62.16425610025295,0.99,0.4958652557605209,1.6340592018731321,61.07157837329295,0.99,29.96681232183862,-11.779893223491621,38.34980064397041,0.99,-0.17427210349924271,0.18849962371710635,36.15608922567424,0.99
sticker_demo_10s_001,simulated_mouse_001,64,2.133333,30,mm,0.006247981845994621,-0.09085986095558896,61.93665276160836,0.99,1.4822995242467178,0.8192330815259208,60.889952307821666,0.99,30.13811198008236,-12.151981183934897,37.8645547198116,0.99,0.2952768008470998,-0.40644804911503835,36.27927699190173,0.99
sticker_demo_10s_001,simulated_mouse_001,65,2.166667,30,mm,0.023746200877406143,-0.025073516292349565,61.772931980856676,0.99,1.040047667111261,-0.6397344831118086,61.091676543299705,0.99,30.059003296126537,-11.868479452159573,38.48207742331417,0.99,-0.06796650556003903,-0.4424968433704634,36.169160707296484,0.99
sticker_demo_10s_001,simulated_mouse_001,66,2.2,30,mm,-0.2506853227418379,-0.09923255517996209,61.708226096778624,0.99,0.1264720378297275,-1.5529031694435909,60.84773406886083,0.99,29.892226971606195,-11.628402161822441,38.14634951586778,0.99,-0.1261925336364349,0.2596236842148743,35.65511185540109,0.99
sticker_demo_10s_001,simulated_mouse_001,67,2.233333,30,mm,0.26992721696976735,0.1045767690609079,62.12611263750657,0.99,-1.6041075214003249,-0.6748079431142399,61.01578574791157,0.99,30.173601781935663,-11.971283906693538,37.74865199328007,0.99,0.07175025640228892,0.0177932020686502,35.51418875321017,0.99
sticker_demo_10s_001,simulated_mouse_001,68,2.266667,30,mm,0.009561196699361237,0.14519125557637214,61.792075131066376,0.99,-1.529932196085443,0.6988744799296965,61.09645991550534,0.99,30.292791140782924,-12.001777102499414,37.766374963865815,0.99,-0.3346168821384058,-0.14170600386718574,36.283733274251865,0.99
sticker_demo_10s_001,simulated_mouse_001,69,2.3,30,mm,0.04070103468685596,0.06160300262804559,61.842076271773976,0.99,-0.1431276876367222,1.2198144787920655,60.85385364302976,0.99,29.737742614835092,-11.852983061013584,38.000419732246726,0.99,0.01167557475599805,0.20688833680409893,36.06152054515468,0.99
sticker_demo_10s_001,simulated_mouse_001,70,2.333333,30,mm,0.006376959085629386,0.1608663099729424,61.473564299747615,0.99,1.3904462064480532,1.1801326276113064,60.970953874202955,0.99,29.91604366002149,-12.247032831941187,37.957167058089944,0.99,0.11871865363793155,0.13741957085760012,35.97427732709059,0.99
sticker_demo_10s_001,simulated_mouse_001,71,2.366667,30,mm,-0.12068984743581464,0.3074281649924286,62.17531973063649,0.99,1.6561517539255748,-0.6390121536421756,60.503103229701836,0.99,30.215549977004162,-11.474005794163851,38.0378475524286,0.99,0.15022863683303936,0.034764314382523705,35.818688653654924,0.99
sticker_demo_10s_001,simulated_mouse_001,72,2.4,30,mm,-0.23115726595718905,-0.23824822127319134,61.93370532970173,0.99,0.6039885066569687,-1.4692227364151718,61.15522444674099,0.99,29.97609976576941,-12.014410321284691,37.71907982204306,0.99,-0.19540051509290043,0.06107334256460371,36.11985866833126,0.99
sticker_demo_10s_001,simulated_mouse_001,73,2.433333,30,mm,-0.13413693755971792,-0.4717592367063495,61.82585281008841,0.99,-1.0239541504027367,-0.9091380737819443,61.25155285552452,0.99,30.13667846550215,-12.06189853409051,38.07360150589691,0.99,-0.4547496993424,0.07636986497722487,36.06056758486082,0.99
sticker_demo_10s_001,simulated_mouse_001,74,2.466667,30,mm,0.20535958329823223,0.10846987066175065,62.383475532327566,0.99,-1.0173784903084027,0.0459826304048174,60.92321085980398,0.99,29.95151977492069,-11.659597761055775,38.31981302015809,0.99,-0.392188610091442,-0.008738351205339204,35.9399105008768,0.99
sticker_demo_10s_001,simulated_mouse_001,75,2.5,30,mm,-0.1318523456604868,-0.5093335081959512,62.06983270267993,0.99,-0.5108085325257493,1.3949024392861467,60.95972622944196,0.99,29.756870025792363,-12.10923944882152,38.32182076203115,0.99,-0.11836603114541654,-0.06834090989709393,35.997313705491614,0.99
sticker_demo_10s_001,simulated_mouse_001,76,2.533333,30,mm,-0.03783733779496534,0.10694928839671532,61.91680898934681,0.99,0.5535528311930973,1.351214899920906,60.45956258407977,0.99,29.80572937483673,-11.883021179458195,37.842615982198495,0.99,0.08990114225785265,0.1812000409293704,36.402518672194574,0.99
sticker_demo_10s_001,simulated_mouse_001,77,2.566667,30,mm,0.24102746691229293,0.27635844562376155,62.47451432939567,0.99,1.6147649855843786,-0.2755224011798809,60.79887801688318,0.99,29.763469885548194,-11.855571972835644,37.718847709925356,0.99,-0.4427417415981049,0.11575015847440365,35.936472868565495,0.99
sticker_demo_10s_001,simulated_mouse_001,78,2.6,30,mm,0.0038991756416673915,0.23841972458102792,62.09469965445122,0.99,0.9030805934367969,-1.3208426888420102,60.75349885868678,0.99,30.09369372787958,-11.918873073455135,37.85420707611551,0.99,-0.12455620427782924,-0.22275302308974762,36.18193738793464,0.99
sticker_demo_10s_001,simulated_mouse_001,79,2.633333,30,mm,-0.018110967872380302,-0.32850593299357966,61.97591595582616,0.99,-0.9693464034161243,-1.2107457937459063,60.99758212398979,0.99,29.980689862519256,-11.837920312681842,37.83379853834645,0.99,0.1185786348432155,-0.1300995636036758,36.23578316438721,0.99
sticker_demo_10s_001,simulated_mouse_001,80,2.666667,30,mm,0.0011416491324436086,-0.14365720316513556,61.89026922357429,0.99,-1.6592991377410329,-0.6169454288343663,61.28590043070494,0.99,29.800928076862196,-12.306758131572597,38.07068355118448,0.99,0.047689734441486414,0.07068812806148367,35.821373571552755,0.99
sticker_demo_10s_001,simulated_mouse_001,81,2.7,30,mm,0.10668054987456486,0.0003657870451512777,62.12155968130903,0.99,-0.8493284946023589,1.18312800614145,60.970805591055694,0.99,30.382416148590615,-11.650849144574941,38.039424348072565,0.99,-0.05669909005323492,0.033672972820606946,36.46151435820269,0.99
sticker_demo_10s_001,simulated_mouse_001,82,2.733333,30,mm,-0.1955630174905243,0.018418504050495554,62.10386789893514,0.99,0.6802627306655173,1.4687941366969886,61.17149157217212,0.99,29.800334984295134,-11.593557181943881,38.02363363881698,0.99,-0.14218164080444687,0.43670268666200907,35.98029315560562,0.99
sticker_demo_10s_001,simulated_mouse_001,83,2.766667,30,mm,0.04310344176455394,-0.3972982102158671,61.82564100167159,0.99,1.575954242964631,0.4625573972455952,61.02798649613247,0.99,30.329659446926307,-12.011058873461701,38.04154506097042,0.99,-0.1289202199461289,-0.15514311474316234,35.76661563908038,0.99
sticker_demo_10s_001,simulated_mouse_001,84,2.8,30,mm,0.028885875286958726,0.4098594486115361,62.13081526306833,0.99,1.2387412465264862,-0.8397583756163909,61.22391018941577,0.99,29.658874119648466,-12.014419892377264,37.80122671059491,0.99,0.04431660608151289,0.3287546864950028,36.13168602635856,0.99
sticker_demo_10s_001,simulated_mouse_001,85,2.833333,30,mm,-0.10769035969216403,0.10615892422866798,62.14561067333071,0.99,-0.3816130877217257,-1.5594447750621134,60.747140334943126,0.99,30.355749709184618,-11.960011218170242,37.768393267074174,0.99,-0.30740264894440883,0.03990192967858794,36.25933154574922,0.99
sticker_demo_10s_001,simulated_mouse_001,86,2.866667,30,mm,0.19985097967050036,0.1476855997838312,62.0036640791857,0.99,-1.3271490434378903,-0.48518932308205925,60.88459409435112,0.99,29.816494174097308,-11.980097119293744,38.28344313837842,0.99,-0.10660125085250516,-0.06050007099005458,35.75183468488414,0.99
sticker_demo_10s_001,simulated_mouse_001,87,2.9,30,mm,-0.04108644159709512,-0.24631310055270186,61.87053424895095,0.99,-1.2609666315636883,0.7976089173238807,61.09515357405188,0.99,30.07414922422667,-11.857100945344465,37.95654597038905,0.99,0.2156369106297738,-0.18586056670413698,35.807504291677105,0.99
sticker_demo_10s_001,simulated_mouse_001,88,2.933333,30,mm,0.10286034814047924,-0.39067636405849604,62.02572840683516,0.99,0.024546735428590354,1.7708051449169735,61.238013659144656,0.99,29.862981406921836,-12.159707657109957,37.73552227140745,0.99,0.17002993824657436,-0.13252730035439073,36.06115045808313,0.99
sticker_demo_10s_001,simulated_mouse_001,89,2.966667,30,mm,-0.29460975180630133,-0.159457328765909,62.03514543244602,0.99,1.2396566988821647,0.8719631373313448,61.00291328698959,0.99,30.327197566911927,-11.88680462313338,38.27671940831511,0.99,0.023990253331046783,0.12976723515974703,35.567816092697285,0.99
sticker_demo_10s_001,simulated_mouse_001,90,3.0,30,mm,-0.4689990874610067,-0.07893623142871986,61.7258337404108,0.99,1.3666342756929981,-0.3933426923314423,60.62932886833342,0.99,29.95383202074098,-12.112670543600103,37.69124466226116,0.99,0.007753759089170077,-0.6610667112404761,36.19191150676902,0.99
sticker_demo_10s_001,simulated_mouse_001,91,3.033333,30,mm,-0.5559742752152849,0.3351704799526073,62.208779727750986,0.99,0.32946779377334473,-1.7021392425276591,61.342012114410146,0.99,29.898632083216576,-11.9611362640596,37.75574796148779,0.99,-0.11141090287037639,0.11199063415254806,36.02451793129185,0.99
sticker_demo_10s_001,simulated_mouse_001,92,3.066667,30,mm,0.22786640911687817,0.11819469777597102,61.86500026592688,0.99,-0.8458282211390049,-1.0475676136170422,61.18385152060949,0.99,30.02721123568361,-12.01311353414967,38.23665411965562,0.99,0.04731849753537198,0.035455657566774025,35.907404981907966,0.99
sticker_demo_10s_001,simulated_mouse_001,93,3.1,30,mm,0.052170572618070066,-0.19481420982409708,61.60608659796533,0.99,-30.224962109295976,12.07201827186559,37.8033116062789,0.99,29.973461738669368,-11.988419697043971,38.139450918473685,0.99,-0.2108621352594463,0.03459238089533106,36.265511004715364,0.99
sticker_demo_10s_001,simulated_mouse_001,94,3.133333,30,mm,0.0828820114827941,0.17496963641296268,62.09781337404543,0.99,-30.07523125249103,11.947900561742474,37.978473183201096,0.99,30.07549953596264,-11.967293992257991,38.12218511169533,0.99,-0.29047123081928683,0.06819171457693082,35.62907354965792,0.99
sticker_demo_10s_001,simulated_mouse_001,95,3.166667,30,mm,0.22028181083027634,-0.33000108004991874,61.9135655418533,0.99,-29.964963476966762,11.889097210837809,37.72479394105552,0.99,29.954066155057482,-12.054919798246573,38.36790704977201,0.99,0.0649297183713513,0.1404883101576016,36.08695302308727,0.99
sticker_demo_10s_001,simulated_mouse_001,96,3.2,30,mm,-0.14896421463729956,0.12062592409684397,62.11725090668215,0.99,-29.65578987972959,12.073643301893718,37.6034267656876,0.99,30.03861138082306,-11.769171479565552,38.243649202142905,0.99,0.3734947238026998,0.28975786639600004,35.912043072340126,0.99
sticker_demo_10s_001,simulated_mouse_001,97,3.233333,30,mm,-0.14184084636563632,0.12319312830896906,61.94256012237968,0.99,-29.972888147219965,12.227701408914333,38.116567965065336,0.99,30.037792894269813,-11.943455087858714,37.75630568678489,0.99,0.05503513743111518,0.48301010389880095,36.07707761224547,0.99
sticker_demo_10s_001,simulated_mouse_001,98,3.266667,30,mm,-0.05361352293967391,0.11231569939945063,61.854813913755294,0.99,-30.11446586608864,11.852011268945873,38.009992785840446,0.99,29.823313805620412,-12.415909670884583,37.85893010216242,0.99,-0.09659082140600272,-0.27642175325654045,35.944678183779935,0.99
sticker_demo_10s_001,simulated_mouse_001,99,3.3,30,mm,-0.23439293131935746,-0.28860533464237,62.03144125402825,0.99,-30.147638686992334,12.098752775157214,38.039951534245404,0.99,29.900512725383276,-12.340768804925093,38.13070997477071,0.99,0.06539765069010926,0.38667842684924014,35.792403702477934,0.99
sticker_demo_10s_001,simulated_mouse_001,100,3.333333,30,mm,-0.07090684820375631,-0.3797973817108539,62.12633287582645,0.99,-29.65066533875358,11.766634175955769,37.97062480575461,0.99,29.721691970587358,-12.266870423557242,37.95007048768638,0.99,0.03003905440455007,0.11445374672097,36.09824327131499,0.99
sticker_demo_10s_001,simulated_mouse_001,101,3.366667,30,mm,-0.2094280567831905,-0.07705780407954077,61.84254887309932,0.99,-30.378794207474815,11.705206842891513,37.59479222389552,0.99,30.080644843847764,-11.89145295082924,37.92092083771334,0.99,-0.021385288178458493,-0.30236755315750186,36.15265525424109,0.99
sticker_demo_10s_001,simulated_mouse_001,102,3.4,30,mm,0.09053258654025313,-0.18636659169152628,62.32156986728236,0.99,-29.667573610567267,12.244872803789356,38.30751745489899,0.99,30.407605195823507,-12.196085559713548,37.98232065022537,0.99,0.04623554651843537,0.015531256892765214,36.3684330054533,0.99
sticker_demo_10s_001,simulated_mouse_001,103,3.433333,30,mm,0.11707127687120651,-0.1489026748445693,61.81736498837201,0.99,-29.70593016304681,12.193448010456338,37.606685158302994,0.99,30.213520006738644,-11.943440229894534,38.18197133987037,0.99,-0.06360521507998708,0.08672229634421375,35.77018031038147,0.99
sticker_demo_10s_001,simulated_mouse_001,104,3.466667,30,mm,-0.1490625783875349,0.1783592154831283,61.84965189705235,0.99,-30.39168011541248,12.019734372724496,37.914257196035464,0.99,30.08749567448211,-11.97348144523452,37.979844167741135,0.99,-0.18272233749640177,-0.11677922121748048,36.066184894683175,0.99
sticker_demo_10s_001,simulated_mouse_001,105,3.5,30,mm,-0.06764444122056538,0.019492531065822386,62.08418172733181,0.99,-30.056447910588073,11.867141224725712,37.876163695412714,0.99,30.293061436159046,-11.889943931162085,37.91275276792765,0.99,0.18138640506211812,0.13422199342106164,35.99959955297299,0.99
sticker_demo_10s_001,simulated_mouse_001,106,3.533333,30,mm,-0.24811323630950502,0.14715953114563005,62.06792474156376,0.99,-29.95592850463285,11.958768743825942,38.03834350194911,0.99,29.901430722716853,-12.226165728397405,38.42688856820541,0.99,0.07664497162605254,0.42443641361466916,35.99789498681253,0.99
sticker_demo_10s_001,simulated_mouse_001,107,3.566667,30,mm,0.31013676109968913,0.40409199298162657,62.17456156412782,0.99,-29.731287846692926,12.077334606417892,38.04423170885637,0.99,29.581836573485493,-11.64480989679904,37.8478089921013,0.99,-0.025558005635857868,-0.19962054596853449,36.000638109559645,0.99
sticker_demo_10s_001,simulated_mouse_001,108,3.6,30,mm,-0.12184094288977863,0.16623500302694744,61.877234649997575,0.99,-29.730625236798748,11.949130188371146,37.989674433150476,0.99,29.852346997923267,-12.078180048504203,37.8844664496594,0.99,-0.06809513313533808,-0.04784604707777656,36.16401015999581,0.99
sticker_demo_10s_001,simulated_mouse_001,109,3.633333,30,mm,-0.18737179843317642,-0.02334734802636125,62.1465213056762,0.99,-29.8538490250401,12.270990988026995,37.5240100489668,0.99,29.794017253783256,-11.896365628289095,37.98934346248617,0.99,0.13671357203900933,-0.13052625699044315,35.71951184235403,0.99
sticker_demo_10s_001,simulated_mouse_001,110,3.666667,30,mm,-0.09293721009469699,0.06263253196399358,62.060954894393355,0.99,-29.683397466247285,12.010982285423763,38.01760890992993,0.99,30.14578940706241,-12.055016802911565,38.01087981868477,0.99,-0.019749604416601486,-0.1539504363045571,35.69978482711313,0.99
sticker_demo_10s_001,simulated_mouse_001,111,3.7,30,mm,0.1949637006911995,0.028784921770604245,61.78085859899314,0.99,-29.891022913897228,11.67316802237997,37.7475193389694,0.99,30.244850228233638,-12.351560354954827,37.93295522928692,0.99,0.02225981114754798,0.10064148275531189,35.83396512915524,0.99
sticker_demo_10s_001,simulated_mouse_001,112,3.733333,30,mm,0.1850463777006656,-0.03831955576879989,61.69865397595857,0.99,-30.226869920034076,12.051227096861528,38.144615519731126,0.99,30.126805209514675,-11.806982079592402,38.01312355364833,0.99,0.4457723481020856,0.08951675290481276,36.27431393705112,0.99
sticker_demo_10s_001,simulated_mouse_001,113,3.766667,30,mm,0.4539430226141022,-0.026921624791090577,62.21688201937242,0.99,-29.870203107197803,11.683696054995826,37.618064327806444,0.99,29.48631321221226,-11.767125744199742,38.07260348003015,0.99,0.0212866807302131,-0.30293986187833877,35.809713340590946,0.99
sticker_demo_10s_001,simulated_mouse_001,114,3.8,30,mm,-0.04147237863183694,0.060195186738230134,61.73356009713252,0.99,-29.837893557721582,12.22711057251769,37.92936606133051,0.99,29.802207596671728,-12.10592435362203,37.69506244141902,0.99,-0.13842320239597733,-0.2069972542580566,36.09466620307226,0.99
sticker_demo_10s_001,simulated_mouse_001,115,3.833333,30,mm,0.27686788452106154,0.06294711687926648,62.073471306698096,0.99,-30.181476631881335,11.82403344863857,37.81187536581009,0.99,30.04540279424824,-12.043745385030935,37.833980410496416,0.99,0.056146031562245236,0.21875016891968696,35.94728106257363,0.99
sticker_demo_10s_001,simulated_mouse_001,116,3.866667,30,mm,-0.3618105899097115,0.11563870475886595,61.94264915429987,0.99,-29.618898516733722,11.892205155717166,37.936444364894015,0.99,29.561987787209883,-12.668756410940695,38.2000992743703,0.99,-0.1153730525490244,-0.4365359369531292,35.874198168857376,0.99
sticker_demo_10s_001,simulated_mouse_001,117,3.9,30,mm,-0.15880532455126062,-0.2951371471273254,61.82066386481158,0.99,-30.085622966356908,12.032794707844143,38.41997427636764,0.99,30.150657386361196,-12.01159577762869,37.63287643702688,0.99,0.004234976343121357,-0.16046278955118887,36.035924859223094,0.99
sticker_demo_10s_001,simulated_mouse_001,118,3.933333,30,mm,-0.11692829780720325,0.15511514715764754,61.8366768608856,0.99,-29.729983400346,11.741767502748294,38.02195948698458,0.99,30.17288400555119,-11.88120119203277,38.029094548641346,0.99,-0.03573847957910016,0.005745977047076961,35.95545141709507,0.99
sticker_demo_10s_001,simulated_mouse_001,119,3.966667,30,mm,-0.03682168339297214,0.1214193958598287,62.04182301924927,0.99,-30.05677051128079,12.210930836678287,37.73693290667511,0.99,30.232475966499436,-12.249179703052576,38.11407293886127,0.99,0.18315386396983682,-0.18264608443323713,35.97706192746896,0.99
sticker_demo_10s_001,simulated_mouse_001,120,4.0,30,mm,-0.32387210476249517,-0.02342011358999795,61.85750689562587,0.99,0.7496444197511063,1.3149089778495235,60.99975647900749,0.99,29.78120167556046,-11.876167689268561,38.045067223836384,0.99,-0.6249718735671306,-0.2872076801372218,36.12942974090037,0.99
sticker_demo_10s_001,simulated_mouse_001,121,4.033333,30,mm,-0.20978040324690195,-0.12384870225262075,62.29979923415566,0.99,1.5225783203178234,-0.34516790781324225,60.838864144806514,0.99,29.842597520130305,-12.196028525583259,38.118760339940216,0.99,-0.24395790290601657,0.1843915834478463,35.89823201834793,0.99
sticker_demo_10s_001,simulated_mouse_001,122,4.066667,30,mm,0.061503613241123224,0.46874812239685437,62.025765895073114,0.99,0.6712387522529212,-1.5372263333041105,61.11978317384854,0.99,30.22891623698575,-11.882764182777436,37.93005267799369,0.99,-0.17728625871883716,0.04220185648148936,35.97464622887484,0.99
sticker_demo_10s_001,simulated_mouse_001,123,4.1,30,mm,0.2986464064113356,0.13746858467572667,61.84165025232013,0.99,-0.7411051912349387,-1.1222968109491225,60.8698577117506,0.99,30.21554108641814,-11.998530293371983,37.928053158911574,0.99,-0.07954669002374187,0.04416125697444087,35.87844939434128,0.99
sticker_demo_10s_001,simulated_mouse_001,124,4.133333,30,mm,0.10715634603707103,0.23351221553929566,61.919650247139195,0.99,-1.4254081062451638,-0.3086402112274773,61.28271341247755,0.99,29.3396122874964,-12.117267425263563,37.84178336459731,0.99,-0.19742809218237106,0.04012354478655929,36.193926058858366,0.99
sticker_demo_10s_001,simulated_mouse_001,125,4.166667,30,mm,-0.18499931245843812,-0.0872861075720951,62.333894080212694,0.99,-0.8722624232940017,1.4415587511245609,61.39252443069271,0.99,30.300989885552138,-11.959699215025953,37.68843722150046,0.99,-0.031141604761565262,-0.014406249848546321,36.197871517153615,0.99
sticker_demo_10s_001,simulated_mouse_001,126,4.2,30,mm,0.04790854935339212,-0.3560215472202263,62.04648078912568,0.99,0.9440581634508893,1.8413521696593775,61.357317970837244,0.99,29.824254805254814,-12.312989798150184,38.06998109571861,0.99,0.16786249724023736,-0.3167775868312352,35.87716241328281,0.99
sticker_demo_10s_001,simulated_mouse_001,127,4.233333,30,mm,0.20346428213911133,0.29976756983118713,62.200417092699325,0.99,1.800823327913514,0.7236767103379147,60.904811598730774,0.99,30.388471843157966,-11.976439761956557,37.89501287673673,0.99,0.11608340705375304,0.06681990894172427,36.179551329497244,0.99
sticker_demo_10s_001,simulated_mouse_001,128,4.266667,30,mm,-0.05840851264143024,-0.22856123299957687,61.97382300582772,0.99,1.3866352495116394,-1.3285300256416106,60.96919701170344,0.99,29.788193351510728,-11.9416681691041,38.00594866544673,0.99,0.03092523659234586,0.06461860776799226,36.298073017974794,0.99
sticker_demo_10s_001,simulated_mouse_001,129,4.3,30,mm,-0.09968642686972062,0.23295660845485183,62.67119698230022,0.99,-0.5594291295651348,-1.4447183169820164,60.947016551126495,0.99,29.80195290925873,-11.94875939021287,37.81498073757812,0.99,0.004542651472709183,0.03438069226244383,35.821329080843995,0.99
sticker_demo_10s_001,simulated_mouse_001,130,4.333333,30,mm,-0.19766501699064348,0.01202938809570837,61.59650569951667,0.99,-1.162833917729572,-0.5326809567936721,61.06520434453352,0.99,29.95362194983371,-12.393220017084268,38.081816056471865,0.99,0.0017965251761767557,0.313787898764575,36.28727032652976,0.99
sticker_demo_10s_001,simulated_mouse_001,131,4.366667,30,mm,-0.21552791406345723,-0.008132202355441239,61.99652836996454,0.99,-1.2894286457712243,0.9817971641542175,60.88803054562199,0.99,30.123991203227565,-11.876316458329946,37.98964258898897,0.99,0.48544620413932216,0.09425826974834559,35.90007357228205,0.99
sticker_demo_10s_001,simulated_mouse_001,132,4.4,30,mm,0.22197430964267656,-0.3815433306776457,62.21895207859299,0.99,-0.15473078262723067,1.3572866749054835,61.43856647273397,0.99,30.19386118422728,-12.286884749045637,38.063134248879805,0.99,-0.05568973749143483,0.38881824359781386,36.08901712879215,0.99
sticker_demo_10s_001,simulated_mouse_001,133,4.433333,30,mm,0.04784430872627151,-0.2880167889671751,61.97505469212921,0.99,1.3690826485328238,0.4379391421836908,61.46068706073673,0.99,29.607514190179945,-12.138122164518677,37.76046493951729,0.99,-0.636681710020952,-0.16360759989213147,36.12183941379201,0.99
sticker_demo_10s_001,simulated_mouse_001,134,4.466667,30,mm,0.3435376246617997,-0.025089320577462212,61.71259852507286,0.99,1.194942983969072,-0.9294437122276591,61.23217887375948,0.99,30.132942412814597,-11.951650249680448,37.74117966178788,0.99,-0.12652818601451815,-0.05723435786777196,36.15259100291978,0.99
sticker_demo_10s_001,simulated_mouse_001,135,4.5,30,mm,0.2665383744210996,0.18901941489052354,62.18002800134559,0.99,0.16569855160282332,-1.2803351719532734,61.12622189458387,0.99,30.158527827178116,-12.34807269453475,37.90427744259983,0.99,0.18197752751632648,-0.4179246722878001,36.07862191122117,0.99
sticker_demo_10s_001,simulated_mouse_001,136,4.533333,30,mm,-0.10797365577794682,-0.13221871289580184,61.733631289548335,0.99,-1.407435120505375,-1.0461169230724015,60.99974574781271,0.99,30.472927914481332,-11.833960140771602,37.73440407140203,0.99,-0.3532799628266953,0.1838331903294993,35.92838794504857,0.99
sticker_demo_10s_001,simulated_mouse_001,137,4.566667,30,mm,-0.27393768591438866,0.02995837744329687,62.073193357027336,0.99,-1.2614921134292212,0.6334480245197665,61.023026812610894,0.99,29.69591956447029,-12.01094778716666,38.044751420598395,0.99,-0.2490172272278938,-0.26130291842880377,35.97181168099325,0.99
sticker_demo_10s_001,simulated_mouse_001,138,4.6,30,mm,0.07214432430571018,-0.06511912118823963,62.17164300947425,0.99,-0.4560036391490508,1.6009358083393648,61.17457284463162,0.99,30.023287366673518,-11.756723373804473,38.11825630228781,0.99,0.017325704372113115,-0.22633142527923714,36.511326190631195,0.99
sticker_demo_10s_001,simulated_mouse_001,139,4.633333,30,mm,0.2003707745992176,-0.21619173618646786,61.91429383108696,0.99,0.9579548455025575,0.9404038145575195,61.32127236947136,0.99,29.941693579324667,-12.193057011768277,37.96474918089043,0.99,-0.07363452145987597,0.08564063284043319,36.2670472198717,0.99
sticker_demo_10s_001,simulated_mouse_001,140,4.666667,30,mm,0.015039319139355217,-0.19901609388304894,61.888570607712936,0.99,1.6620161967249052,0.12918610288362142,60.638918008559315,0.99,29.98121512281009,-11.733401177046249,38.02547317446563,0.99,-0.21546216757293948,0.1726532714549308,35.8758806653464,0.99
sticker_demo_10s_001,simulated_mouse_001,141,4.7,30,mm,-0.008327678521543843,0.1302643537192665,62.19649133274889,0.99,0.39450126225301974,-1.2296253890961066,61.294850859731426,0.99,30.055656344149245,-12.16020145159393,38.325760012649965,0.99,-0.1699190000622693,-0.018438049661778737,35.97471438807063,0.99
sticker_demo_10s_001,simulated_mouse_001,142,4.733333,30,mm,-0.04315412209393581,0.002501680768540584,61.7732386006616,0.99,-1.3234205842506206,-1.287912720099881,61.42707566228086,0.99,29.766425287808595,-11.934981062359114,37.7877043943277,0.99,-0.21712561831922908,0.2656096630033253,35.94190754931093,0.99
sticker_demo_10s_001,simulated_mouse_001,143,4.766667,30,mm,-0.06498979622722954,0.16077847867429593,61.80123717250571,0.99,-1.6338105701163397,-0.29987744097563135,61.06766179900402,0.99,29.8469814417502,-11.67520429498877,37.612847091863344,0.99,-0.31122585944873804,-0.053943321354561216,35.78353787321073,0.99
sticker_demo_10s_001,simulated_mouse_001,144,4.8,30,mm,0.22776652203122363,-0.402525913444133,62.056718730169855,0.99,-0.8508240359917791,1.2886281024696966,61.09573373803914,0.99,30.248211540562973,-11.738040573032825,37.865216576341844,0.99,-0.16486657265881347,0.012681289788564804,36.30162341754427,0.99
sticker_demo_10s_001,simulated_mouse_001,145,4.833333,30,mm,-0.023467775766315927,-0.14358085288937147,62.00663277020283,0.99,0.6905959569655794,1.103272214237549,61.01905750153576,0.99,29.795732965592858,-12.317681511281625,38.045723619085095,0.99,0.1301963101583352,0.20296345859900408,35.92685312351628,0.99
sticker_demo_10s_001,simulated_mouse_001,146,4.866667,30,mm,-0.4376453478015049,0.0386112156818437,62.00142634344866,0.99,1.601914630879438,0.42599169600910064,60.912876570753745,0.99,29.883698229376073,-12.245674180292978,37.97135628880779,0.99,0.15392435292010637,-0.10877595960016712,35.80662265400088,0.99
sticker_demo_10s_001,simulated_mouse_001,147,4.9,30,mm,0.11642067052016505,-0.063573684806143,61.9858234035614,0.99,0.7208322922723991,-1.3562181108001783,61.17903904174354,0.99,29.91791092598972,-12.072622900280708,38.028616635035135,0.99,-0.04517297854139674,0.14897531269395176,35.727575736728255,0.99
sticker_demo_10s_001,simulated_mouse_001,148,4.933333,30,mm,-0.17021206014154477,-0.009319177539585475,62.118894376769894,0.99,-0.4187361257408361,-1.1488578273356445,61.24160524038582,0.99,30.043041394754074,-11.887390175792058,37.991417502713546,0.99,-0.0921486145262927,-0.14143374197039624,35.868545530441814,0.99
sticker_demo_10s_001,simulated_mouse_001,149,4.966667,30,mm,-0.010094761870533346,-0.23935294992906578,61.74289217536756,0.99,-1.5859516205494257,-0.5233104722084103,61.259100261231694,0.99,30.026905553621823,-11.92915245258741,38.094484675120505,0.99,0.045073736408270525,0.04722484235945304,36.290810981192564,0.99
sticker_demo_10s_001,simulated_mouse_001,150,5.0,30,mm,0.18583503801606327,-0.09544092417554495,61.84942306595214,0.99,-0.9243807428340134,0.8200772162684581,60.78155285683028,0.99,30.26313363073742,-12.026437949818567,37.8744703194515,0.99,0.12364902848213898,0.015231503692259146,36.110554255121606,0.99
sticker_demo_10s_001,simulated_mouse_001,151,5.033333,30,mm,0.5492481503252774,-0.2816541124546175,62.14030701834617,0.99,0.15128868292468764,1.1175554190260133,61.04645052503877,0.99,30.07168231207143,-12.341107597165312,38.003206716015974,0.99,0.09431211163294509,0.426952950084019,35.95163531042506,0.99
sticker_demo_10s_001,simulated_mouse_001,152,5.066667,30,mm,0.2641835639142973,-0.03918817200820043,62.00683032740429,0.99,1.0203308843663113,0.765414839895768,60.92092624393466,0.99,29.86628366101954,-11.628000664135623,38.2315887452795,0.99,0.3233855576023231,0.025063739741091412,36.14439647530748,0.99
sticker_demo_10s_001,simulated_mouse_001,153,5.1,30,mm,0.32047121924854144,0.09772781892376466,61.83567813316349,0.99,-29.864800781878053,12.169627203119793,37.857068138963406,0.99,29.815191922528637,-12.113185126173008,38.00558042594089,0.99,0.2850339736948643,0.15048828444547468,35.94095999945149,0.99
sticker_demo_10s_001,simulated_mouse_001,154,5.133333,30,mm,-0.028114884249093777,-0.00968084534218091,62.17416169292172,0.99,-30.085713010283538,12.393538592124573,38.14138789811547,0.99,29.512314798783102,-11.861337809598712,38.09305167658069,0.99,0.14362299069650666,-0.1040897722958643,35.64350091513926,0.99
sticker_demo_10s_001,simulated_mouse_001,155,5.166667,30,mm,-0.10738117315753548,0.23668082074810315,61.85930169634234,0.99,-29.71150125164154,12.082745187719745,38.10929427111303,0.99,30.09369538314453,-12.062039883885982,38.1711746624235,0.99,0.013830988708610728,-0.42365494513047236,35.80926216461979,0.99
sticker_demo_10s_001,simulated_mouse_001,156,5.2,30,mm,-0.20355106573313209,-0.13018123755158498,61.931915667489356,0.99,-29.992490393676665,12.097146253101545,38.14235648629216,0.99,29.900799719193202,-11.944664325305606,38.18671368139585,0.99,-0.13380214478855243,-0.047488758441350976,36.28029831969762,0.99
sticker_demo_10s_001,simulated_mouse_001,157,5.233333,30,mm,-0.034090716624149184,0.40257128602636477,62.14646928119513,0.99,-30.379429751253497,11.961166341900118,38.34320686047889,0.99,30.18226744161367,-12.047493394838623,38.00065188028979,0.99,0.28544398415762784,0.1833373541720235,35.877436673725065,0.99
sticker_demo_10s_001,simulated_mouse_001,158,5.266667,30,mm,-0.08881136618281661,0.16164678387096995,61.77143606190761,0.99,-30.05001700440306,12.0485702859573,38.30699558173779,0.99,30.00245908259272,-12.14719769118549,37.861993229428414,0.99,0.13194344039849093,0.2697144741537217,35.98817673576,0.99
sticker_demo_10s_001,simulated_mouse_001,159,5.3,30,mm,-0.1704977010091109,0.10277112084768364,62.064720208677855,0.99,-30.037062452900972,11.870263012189502,38.0337803093078,0.99,30.016009505370423,-12.082315794853399,38.34580260202419,0.99,-0.0412287748029015,0.05894146421273682,35.81930134670318,0.99
sticker_demo_10s_001,simulated_mouse_001,160,5.333333,30,mm,0.21309548328512298,0.16272073537240972,61.8963370021412,0.99,-30.200036341240644,12.481693518369408,37.755328744023124,0.99,30.28593367044097,-12.146836294157136,38.083794461430934,0.99,0.025156069883554295,-0.07179912486462753,36.21008001810742,0.99
sticker_demo_10s_001,simulated_mouse_001,161,5.366667,30,mm,0.10414718091678653,0.1845091942570564,62.03396981881448,0.99,-30.257623780781856,11.96799923418409,37.90098562225172,0.99,30.22270174048395,-11.578343558351087,38.38917366034819,0.99,-0.2320843949157732,-0.3835354402366386,35.892922455081234,0.99
sticker_demo_10s_001,simulated_mouse_001,162,5.4,30,mm,-0.04117692911564005,-0.008568478558195121,61.766264557018275,0.99,-29.987420452568028,12.21017008689252,37.79303501425905,0.99,29.85681262427918,-11.960360811110888,37.914116488356285,0.99,0.23202728402823355,0.11935077900494202,36.008061264260526,0.99
sticker_demo_10s_001,simulated_mouse_001,163,5.433333,30,mm,0.12688249984951055,-0.43542238328727695,62.65043647085236,0.99,-29.677763673065247,11.772974456380737,38.07241200222883,0.99,30.27638213337008,-12.063063751667599,37.75631827708773,0.99,0.07512033733559793,-0.015751703643851752,35.781412936420665,0.99
sticker_demo_10s_001,simulated_mouse_001,164,5.466667,30,mm,0.05745847569743882,-0.32043041092340263,62.1833787132114,0.99,-29.52681169141396,11.744757420236084,37.73925375761904,0.99,30.030797431979124,-11.873678961976976,38.082384550970595,0.99,-0.24215284482982216,-0.20545315867772276,35.69287985553258,0.99
sticker_demo_10s_001,simulated_mouse_001,165,5.5,30,mm,-0.09548870509221175,0.2070451543815961,61.81472607690461,0.99,-30.227737835230577,12.341984453503542,38.13626628522675,0.99,30.06005411852991,-12.239288069530941,38.06793033011008,0.99,0.2937753822370488,-0.1434623589144001,36.108863030464484,0.99
sticker_demo_10s_001,simulated_mouse_001,166,5.533333,30,mm,0.2876452012654679,0.3506927005700875,62.1157989231681,0.99,-29.6148294811582,11.973107235794027,37.997541459683895,0.99,29.65611760258155,-11.667126822197282,37.57805682676896,0.99,-0.0013031349071526577,0.12637439159243496,35.9264393813774,0.99
sticker_demo_10s_001,simulated_mouse_001,167,5.566667,30,mm,-0.2151600196530804,-0.12356001905888823,61.94061852724382,0.99,-30.08824603739032,12.060375359264519,38.348263412306885,0.99,30.09331461988918,-11.97100901733911,38.09380851987048,0.99,-0.02123346306949318,0.24881952118342282,36.238563090913715,0.99
sticker_demo_10s_001,simulated_mouse_001,168,5.6,30,mm,-0.07826521334076153,-0.4312981789541799,61.968837738655594,0.99,-30.090687764059034,11.834146064960972,37.97691443161921,0.99,29.853677265659712,-12.041779264526872,37.93908396232626,0.99,-0.23385040629867304,0.2732371495542209,36.14028654133278,0.99
sticker_demo_10s_001,simulated_mouse_001,169,5.633333,30,mm,0.33309134268684765,0.09008835185322611,62.14500813167807,0.99,-30.09214100400272,12.10074531083634,37.92487144716139,0.99,30.449734785224358,-12.096016497499363,38.15086601116514,0.99,0.013702665427734776,-0.012302484855832626,36.34944784803789,0.99
sticker_demo_10s_001,simulated_mouse_001,170,5.666667,30,mm,-0.23390371131809673,0.03099042420118305,62.05892140594131,0.99,-30.01257582485173,12.33190972515105,37.97592086236415,0.99,30.2464093891107,-11.650209924693106,38.17445108283446,0.99,0.049812188883572535,-0.05329880488725302,35.949915047662266,0.99
sticker_demo_10s_001,simulated_mouse_001,171,5.7,30,mm,0.06286290472429862,-0.048817481895068474,62.09630296690552,0.99,-30.10310779086079,11.713399689871196,38.1059894597521,0.99,30.00834767811008,-12.20425299751157,37.74199593681217,0.99,0.02212474005178046,0.07271449923589567,36.21969701345595,0.99
sticker_demo_10s_001,simulated_mouse_001,172,5.733333,30,mm,0.016465015312471767,-0.472006114121729,61.78093447263039,0.99,-30.216766712381112,11.995726284790464,37.71979831772229,0.99,29.913449113067465,-12.000076765453633,38.21028581353478,0.99,-0.19476518139496068,-0.05597160613363544,35.599421024486055,0.99
sticker_demo_10s_001,simulated_mouse_001,173,5.766667,30,mm,0.12278386885525845,0.2892920359382479,62.03351523936913,0.99,-30.082734478052686,11.581032195005003,38.1308459714842,0.99,30.28925507687509,-12.04066161196594,37.75046041298358,0.99,0.012346441840281363,-0.06769945875316195,36.1194793379702,0.99
sticker_demo_10s_001,simulated_mouse_001,174,5.8,30,mm,0.2664572495123448,0.29670901308839687,62.08009538434968,0.99,-30.299592226868157,12.223749288373714,38.103937461568776,0.99,29.999223717844764,-12.231913536586966,38.12379578906038,0.99,0.13206848744759297,-0.15188828138473737,36.16312378242417,0.99
sticker_demo_10s_001,simulated_mouse_001,175,5.833333,30,mm,-0.2170857197840398,-0.11462578913266319,61.28628020138186,0.99,-30.449688781510513,11.962629682714429,38.072285431136876,0.99,29.727982412968085,-12.162711623355362,37.743127915973815,0.99,0.1112690199740925,0.2618991698070843,36.12186065230491,0.99
sticker_demo_10s_001,simulated_mouse_001,176,5.866667,30,mm,0.1994885249334401,0.1157505722402453,62.0475296748578,0.99,-29.964513787382167,12.249910659552885,37.527867189733286,0.99,29.85584431999793,-12.045903077849914,37.9581685530791,0.99,0.20790927674281245,-0.010769968395075845,35.948178753643326,0.99
sticker_demo_10s_001,simulated_mouse_001,177,5.9,30,mm,0.048723065579226066,0.16446136963309388,61.84533065279913,0.99,-29.945237672863367,11.605757220333892,37.67113112137917,0.99,29.94395323943749,-11.976854415947377,37.79285640601518,0.99,-0.04545580895978338,-0.0852439081092412,36.3435555076326,0.99
sticker_demo_10s_001,simulated_mouse_001,178,5.933333,30,mm,0.1960834109194784,0.08698225981993424,61.902820245590696,0.99,-30.171139401912882,12.146556045029797,37.97461361451573,0.99,30.046165691005854,-12.256180921165331,37.99365555562852,0.99,-0.032806937258789186,-0.03273784417559915,35.81704303721864,0.99
sticker_demo_10s_001,simulated_mouse_001,179,5.966667,30,mm,0.3008238676161132,0.28079199069784533,62.0741518505453,0.99,-30.145092310499383,11.419356624324205,38.4357541288659,0.99,30.005484792038818,-12.066339337435101,37.77317384963549,0.99,0.15180018830594733,-0.09298952007209191,35.85011221482878,0.99
sticker_demo_10s_001,simulated_mouse_001,180,6.0,30,mm,0.06389896036594582,-0.39139138226580616,61.90190049892561,0.99,-1.1894557993564983,-0.7533212781533637,60.97025594492863,0.99,30.267424110877236,-11.678103483497763,37.766606378290135,0.99,-0.14029417556195042,0.3070363193860732,35.90572887505862,0.99
sticker_demo_10s_001,simulated_mouse_001,181,6.033333,30,mm,0.016628771314930173,-0.11218229671018483,62.191039311436825,0.99,-1.4490673152869105,0.4222461750279124,60.84169380240672,0.99,29.94847290237097,-11.861537916881613,38.07260332030001,0.99,-0.34724298731594805,0.3253597627931366,35.82998458967265,0.99
sticker_demo_10s_001,simulated_mouse_001,182,6.066667,30,mm,-0.03887770251871405,-0.10087909786286398,62.043733904044885,0.99,-0.8392743459140377,1.8226798439413765,60.95518482578078,0.99,30.15244598985167,-11.855771673850956,38.29216752094325,0.99,-0.416381980286725,0.05629128032163662,36.344696638509944,0.99
sticker_demo_10s_001,simulated_mouse_001,183,6.1,30,mm,-0.15801371441058062,0.06425160108335735,61.805944140694194,0.99,1.219930769700465,0.9492585475921105,61.0106958788115,0.99,30.162449864915747,-12.034750607446675,38.191693726604825,0.99,0.10659781278540342,-0.38026444856278824,36.224618911852126,0.99
sticker_demo_10s_001,simulated_mouse_001,184,6.133333,30,mm,0.41635961531387916,0.13912389847649018,62.1393974360779,0.99,1.5796155024766037,-0.2881958095927937,61.087170092899676,0.99,29.95693934261817,-11.675015258333314,38.27459999185746,0.99,0.280133724465442,0.13224995712482202,35.83986657053457,0.99
sticker_demo_10s_001,simulated_mouse_001,185,6.166667,30,mm,0.10849782803301311,0.07192592781429553,61.69229426805836,0.99,0.8538706186047758,-1.3856425311194267,61.003999783435646,0.99,30.032505546518625,-12.056669396541292,37.67419804133183,0.99,0.001329462283537728,-0.25247154188111426,36.226998195236206,0.99
sticker_demo_10s_001,simulated_mouse_001,186,6.2,30,mm,0.32694631684433295,0.051206098692719054,62.01453875332107,0.99,-0.7717807775840133,-1.3982404725599682,60.99247764440784,0.99,30.158431041136236,-12.075717452574603,37.935341431050404,0.99,-0.12294270039748166,0.017690754376093996,36.07286031184095,0.99
sticker_demo_10s_001,simulated_mouse_001,187,6.233333,30,mm,0.2006010127428493,-0.2014551424888388,62.34643628599414,0.99,-1.4426731937156863,-0.10295651910496739,61.35185388619112,0.99,30.242035198254744,-12.133991492780432,38.12584553182848,0.99,-0.03288970674303032,0.03849921367625256,35.5507575889735,0.99
sticker_demo_10s_001,simulated_mouse_001,188,6.266667,30,mm,0.030947452174722518,0.20985958197728075,61.91540034567402,0.99,-0.9236181256679525,1.6969341667220417,61.18066462262464,0.99,30.207792569939603,-11.741401840443851,38.149165886171296,0.99,-0.12433805681987163,-0.25272646796820675,36.28338593189168,0.99
sticker_demo_10s_001,simulated_mouse_001,189,6.3,30,mm,0.2305892676714441,0.08929030033954719,62.13433345402541,0.99,0.7513809975104919,1.4126256178802543,60.88485674118499,0.99,30.297992887794972,-12.169747792992755,37.82202837454994,0.99,0.33619748646611225,-0.26343420454006966,35.726450361618646,0.99
sticker_demo_10s_001,simulated_mouse_001,190,6.333333,30,mm,0.07516897426371649,-0.3989869400291776,61.73601403071946,0.99,1.4359830575820125,0.4574699970685429,61.22831740107532,0.99,30.194722663523486,-11.864479610112813,38.081549037964336,0.99,0.053045991571235386,0.13674634015976236,35.960854854840285,0.99
sticker_demo_10s_001,simulated_mouse_001,191,6.366667,30,mm,-0.05557923010279753,0.07007156068905626,62.021368913586834,0.99,0.7381051974727455,-1.5065392659858465,60.97362450598936,0.99,30.138095018519913,-11.80666359782855,38.04834599971839,0.99,0.24855024191901812,0.08418954399570064,36.06355159508079,0.99
sticker_demo_10s_001,simulated_mouse_001,192,6.4,30,mm,-0.10901572139080254,-0.022168872302578774,62.14997732881314,0.99,-0.6149849079265529,-1.3041910769403362,61.110296946524905,0.99,30.055691994517204,-12.015755017843986,37.99972880989432,0.99,-0.2796267729979595,-0.04928917301157064,35.849462957919194,0.99
sticker_demo_10s_001,simulated_mouse_001,193,6.433333,30,mm,0.11047967876096172,0.08930126794353468,62.13219002759698,0.99,-1.4532663594846391,0.21046257893232212,61.04621957787639,0.99,29.801638423831296,-11.91148444152498,37.89740887247864,0.99,0.18464714412736222,0.6158951876436417,36.30153357082474,0.99
sticker_demo_10s_001,simulated_mouse_001,194,6.466667,30,mm,0.02113529599685116,-0.30533730072529625,62.39739787546961,0.99,-1.4698973620457119,0.6338372168367246,60.94773520666732,0.99,29.9245425447956,-12.019686204384511,37.851706714644415,0.99,0.1461345001098345,0.01721101302795982,35.672152509412975,0.99
sticker_demo_10s_001,simulated_mouse_001,195,6.5,30,mm,-0.025628275657593482,-0.021954534520531963,62.043218273792256,0.99,0.805240536830276,1.6342248359587106,60.936395214738965,0.99,30.083199582907046,-12.053895573044725,37.898873362686125,0.99,0.10876050587667672,0.19709744824886555,36.13753514992897,0.99
sticker_demo_10s_001,simulated_mouse_001,196,6.533333,30,mm,0.09863645370404295,-0.08701317655615826,62.173977790721864,0.99,1.325669583457732,0.30741736600482994,61.02098904500437,0.99,29.937815201953196,-12.04723959218635,37.88667488543835,0.99,-0.23774110429916573,-0.3295643569154534,36.12554755673687,0.99
sticker_demo_10s_001,simulated_mouse_001,197,6.566667,30,mm,0.13972301505364457,-0.022882023551367772,61.23705096905394,0.99,1.353035820642798,-1.0021108099044023,61.03177942986775,0.99,30.149882103189732,-11.913572664842972,37.94518141286947,0.99,-0.07714998051399077,0.23376509772506654,36.3259992556198,0.99
sticker_demo_10s_001,simulated_mouse_001,198,6.6,30,mm,0.12347727065665202,0.012523622489323708,61.960589121898025,0.99,0.0029749360475313097,-0.7867647897006188,60.909961950182556,0.99,29.66159095393654,-12.12471739007329,37.886897704480056,0.99,-0.17573996840772596,0.22273675824764796,35.85754542342019,0.99
sticker_demo_10s_001,simulated_mouse_001,199,6.633333,30,mm,-0.13783050762839996,0.27307823265943715,61.99167927011742,0.99,-1.4985273895198126,-0.61754045330711,61.01444522922491,0.99,30.22409597023629,-12.053755087427337,38.065684808788994,0.99,0.06262503985187651,0.30053419770523004,35.53164109373629,0.99
sticker_demo_10s_001,simulated_mouse_001,200,6.666667,30,mm,0.1724707380758395,-0.32225059623503727,61.99312571300547,0.99,-1.1109433748644992,1.1215804293916496,61.076507974649445,0.99,30.287849872262743,-12.055790194273664,38.20773553938538,0.99,0.004898892604364855,0.24156129432254453,36.02865089241828,0.99
sticker_demo_10s_001,simulated_mouse_001,201,6.7,30,mm,-0.1174258926216883,-0.15839342405677548,61.699040039146205,0.99,-0.018632508340721707,1.648770578811013,60.95748208943075,0.99,30.034743174356006,-12.141642121712156,37.86351995633932,0.99,0.10398266194006832,-0.10911547266934443,36.268814869352575,0.99
sticker_demo_10s_001,simulated_mouse_001,202,6.733333,30,mm,0.23863248574801071,0.16535920658643233,62.109688941067155,0.99,0.9284273119976287,0.5386993735462277,60.740884375920395,0.99,29.69165307005486,-12.154469147056057,38.03949014533385,0.99,-0.08107892207998045,-0.0880121693476418,35.727887312177614,0.99
sticker_demo_10s_001,simulated_mouse_001,203,6.766667,30,mm,-0.01783950097358237,-0.20863004293260717,61.57328454932498,0.99,1.0850608767657606,-0.5680988436533656,60.84155364474333,0.99,30.336329311057177,-11.958266772002913,38.32129184882391,0.99,0.09287547797593959,0.3049758199337065,35.42458992096385,0.99
sticker_demo_10s_001,simulated_mouse_001,204,6.8,30,mm,0.1653407797745278,0.1520623118494658,61.877191425858534,0.99,0.055278152243246725,-1.34232055825163,61.261012614352985,0.99,30.23272463097257,-11.871333648647255,37.977325099165974,0.99,0.048240078884379305,-0.09111215799096015,35.863928930205034,0.99
sticker_demo_10s_001,simulated_mouse_001,205,6.833333,30,mm,0.38776625469729104,0.4454619340863113,61.94445973971502,0.99,-0.7495584379762155,-1.0038130612698886,60.920761839208744,0.99,30.26557310194418,-11.866741267527749,37.73776734590033,0.99,-0.1820412503111046,-0.19464090766355158,36.08909954453455,0.99
sticker_demo_10s_001,simulated_mouse_001,206,6.866667,30,mm,0.10175978023391666,-0.06072800750721004,62.07790180511402,0.99,-1.2425620393686208,0.734671920302244,60.91802738705078,0.99,30.044093177216592,-11.917579028916816,38.13153901603276,0.99,-0.29388180367223565,0.010227408236829933,35.88556482654194,0.99
sticker_demo_10s_001,simulated_mouse_001,207,6.9,30,mm,0.2940181602504685,0.2838722956588256,61.78483908956733,0.99,-0.635498181164439,1.286865650969006,61.18127932072277,0.99,30.296058786512393,-12.001366836901616,37.83329352497437,0.99,-0.06094130536099904,-0.0323576307045893,35.892399054500984,0.99
sticker_demo_10s_001,simulated_mouse_001,208,6.933333,30,mm,-0.067918784340309,-0.10263926030220244,61.86749136645693,0.99,0.6283358613695347,0.9214963440717534,60.93865234738455,0.99,29.535371911846617,-12.15868343080178,37.86207063273788,0.99,0.12615606321985898,0.16937014179619603,35.824352023270045,0.99
sticker_demo_10s_001,simulated_mouse_001,209,6.966667,30,mm,-0.279633455242113,-0.2523692003223146,61.93586731563228,0.99,1.465228309327443,0.03348321555294653,61.31468861477801,0.99,30.21591761303176,-12.085184549055889,37.79665166641773,0.99,0.12551813551161012,0.48535239107521355,36.40351068311554,0.99
sticker_demo_10s_001,simulated_mouse_001,210,7.0,30,mm,-0.09049751347905392,-0.09883767906918849,61.89627191704172,0.99,0.5480216668825827,-1.47432638075518,61.023523976291806,0.99,30.230206264243254,-11.871439675838833,37.93393930161646,0.99,0.22740293278979912,0.04380082503082894,36.008113121241074,0.99
sticker_demo_10s_001,simulated_mouse_001,211,7.033333,30,mm,0.16239784537486665,-0.3961311938241983,62.01838494146597,0.99,-30.11089389112854,11.907755406191601,37.918452595986814,0.99,30.15686171396308,-11.90508518317998,37.82508080584578,0.99,0.006282931062294786,0.024846654288366878,36.23438555464606,0.99
sticker_demo_10s_001,simulated_mouse_001,212,7.066667,30,mm,-0.05689508842581369,0.06909357965275562,61.83155784793757,0.99,-30.04723123816559,11.988530646906073,38.274168110040385,0.99,29.78882549313016,-11.88132223776104,38.32918629184543,0.99,0.04175806307355175,0.15746524844109452,35.80554894392628,0.99
sticker_demo_10s_001,simulated_mouse_001,213,7.1,30,mm,-0.2039343556437764,0.11894327825899483,61.92546182449313,0.99,-29.87897404617612,12.151506456488129,37.74326413852247,0.99,30.13512100512954,-12.248916665546457,38.13557317810804,0.99,-0.37870424627044225,0.08128946055829925,36.243739564091,0.99
sticker_demo_10s_001,simulated_mouse_001,214,7.133333,30,mm,0.21961120048324184,0.18285374477776148,61.745740222064434,0.99,-29.708901700172813,11.916181947442288,37.76487843122057,0.99,29.75096664923128,-11.857234599843432,38.29128215517616,0.99,0.20923720809653373,0.2320727625041363,35.79176482307767,0.99
sticker_demo_10s_001,simulated_mouse_001,215,7.166667,30,mm,-0.08115559202982081,-0.08314585900212351,62.249809089296356,0.99,-29.763375048350373,12.080934228159746,37.976728735238275,0.99,2.022560352752163,0.17226399332370523,60.86910141240773,0.99,0.10783613546595153,0.22256989474228936,35.64153806337109,0.99
sticker_demo_10s_001,simulated_mouse_001,216,7.2,30,mm,-0.17654816391204173,-0.11633914463820683,61.793061028003464,0.99,-29.93627708645119,11.6814802917766,37.965694970840644,0.99,1.3919732298724603,-1.5951234444296787,60.695769878941356,0.99,-0.031113562861451866,0.2483540923593698,36.16471229425762,0.99
sticker_demo_10s_001,simulated_mouse_001,217,7.233333,30,mm,0.2997226106093278,0.3106986276242297,61.838125273242326,0.99,-30.080953216222532,11.616528131041672,37.70897342395234,0.99,-0.24918529482063095,-1.8855813337273162,60.70419339092801,0.99,-0.06003462964208035,-0.26491919481277537,36.07046238969267,0.99
sticker_demo_10s_001,simulated_mouse_001,218,7.266667,30,mm,-0.08405092776215739,0.17522170620468897,62.109114294810745,0.99,-29.987371864764963,11.998950841655658,37.86109489125205,0.99,-2.055325236197489,-0.400862739319222,60.91330756268945,0.99,-0.2574550148693395,0.028715973864177614,36.0422411756365,0.99
sticker_demo_10s_001,simulated_mouse_001,219,7.3,30,mm,-0.25987048934198453,0.1101871629298163,61.805730609608624,0.99,-29.862040249276735,12.176471103455713,38.11559540359366,0.99,-1.8221430632664253,1.0834230330269503,61.08401308837951,0.99,-0.06325916171366353,-0.0763340819698098,35.95523699548952,0.99
sticker_demo_10s_001,simulated_mouse_001,220,7.333333,30,mm,-0.033498745227978556,0.46356401980788897,61.98741315265624,0.99,-30.134003055065186,11.977230665480013,37.964730291223354,0.99,-0.05461500957316903,1.4890302641590831,60.98662370312209,0.99,0.1954619289200992,-0.07414525111913443,35.672552471665135,0.99
sticker_demo_10s_001,simulated_mouse_001,221,7.366667,30,mm,-0.0388627175946723,0.015289810605563085,61.768644851002556,0.99,-30.033537732120404,11.91579276344475,38.042845358464035,0.99,2.002268745914656,0.6731052676029692,60.984015692287365,0.99,-0.0660090926344472,0.04727812994597344,35.756191041561905,0.99
sticker_demo_10s_001,simulated_mouse_001,222,7.4,30,mm,0.07871084747252352,-0.010639735598054681,62.03598163688135,0.99,-30.26160118134322,12.254819726407716,37.943085291130565,0.99,1.6413619865567286,-0.9421432762500648,61.27639040551619,0.99,-0.21566081897942319,-0.17912215628638467,36.11845194160383,0.99
sticker_demo_10s_001,simulated_mouse_001,223,7.433333,30,mm,-0.059201383106001905,0.017666475404368644,61.90451901784231,0.99,-30.01810960319698,12.259174729662117,38.04177935685454,0.99,0.15046813180021068,-1.9903089540977323,60.86578481276,0.99,-0.1391900707400184,-0.3451099489953305,36.286484628422,0.99
sticker_demo_10s_001,simulated_mouse_001,224,7.466667,30,mm,0.17983574151756543,-0.12100691533273769,62.05690437907813,0.99,-29.78934878596214,11.650595321855718,37.972162004104845,0.99,-1.2379017361952336,-1.3496141934967985,61.11629540821939,0.99,0.09961657736834013,-0.0889184558184943,36.078740845455975,0.99
sticker_demo_10s_001,simulated_mouse_001,225,7.5,30,mm,-0.008874759924551041,-0.027069450383125245,62.345659444257294,0.99,-30.081821863077472,12.023587667336697,38.321669632003086,0.99,-1.7194108757742388,1.0523932817066473,60.37299954927629,0.99,-0.09770406034873577,-0.03482212427083964,35.81918214270752,0.99
sticker_demo_10s_001,simulated_mouse_001,226,7.533333,30,mm,-0.10097712826310479,0.3127280021817138,62.01444580280491,0.99,-30.367017103095236,11.981357633173475,37.947934171246644,0.99,29.685981409208512,-12.061786840865503,38.00309294223792,0.99,-0.04041107838476752,-0.3418059672544506,35.587920713258654,0.99
sticker_demo_10s_001,simulated_mouse_001,227,7.566667,30,mm,-0.22191807705048983,0.23721824325893764,61.994283227677116,0.99,-29.882517030392677,11.750047839671117,37.98355210425437,0.99,30.105720793205794,-12.021395511099172,37.95892705375002,0.99,0.002309628049480651,-0.026972142212759384,35.98730334854054,0.99
sticker_demo_10s_001,simulated_mouse_001,228,7.6,30,mm,-0.3177055259548596,-0.2483433124756846,61.85635352680484,0.99,-30.074100087128542,11.89081685297776,38.5003275814304,0.99,30.054880241544364,-12.387357743122655,37.61847608086663,0.99,0.35836701243544233,-0.01969106652754713,35.75684498744977,0.99
sticker_demo_10s_001,simulated_mouse_001,229,7.633333,30,mm,-0.16994108630026875,-0.3572179375897863,62.099851882459184,0.99,-30.050718357588423,11.970403326427892,37.89417422646521,0.99,30.270030632316193,-12.155632005255415,37.90759384037176,0.99,-0.10730827330714504,-0.13086448686670715,35.903864275581846,0.99
sticker_demo_10s_001,simulated_mouse_001,230,7.666667,30,mm,0.1101268002660816,0.0815117716856482,62.10326868097861,0.99,-30.178675708227267,11.681160422944648,38.27730879136338,0.99,30.163610763959888,-11.957246036522806,37.90360092982433,0.99,0.04766847306903208,0.18918575792552905,36.091813536450935,0.99
sticker_demo_10s_001,simulated_mouse_001,231,7.7,30,mm,-0.214786136878241,0.10002029238838839,62.20228524872611,0.99,-30.16798583690319,11.966104737713321,37.82639897801022,0.99,30.036954246133785,-12.130703163033642,38.12567778600716,0.99,0.05007176050295764,-0.13725773396250107,35.99612254476733,0.99
sticker_demo_10s_001,simulated_mouse_001,232,7.733333,30,mm,0.20699563833363657,-0.36840636062666515,61.97308291831752,0.99,-29.829321894721332,11.901666373345636,37.90400421409561,0.99,30.118641530837998,-11.909347228663743,38.17336766825558,0.99,0.09844801772055178,0.42376245798677536,35.957570907881355,0.99
sticker_demo_10s_001,simulated_mouse_001,233,7.766667,30,mm,-0.15023702901213767,0.0989159426303318,62.23222225573556,0.99,-30.000581651135864,12.05078022950656,38.170436244213384,0.99,30.11552961449101,-11.99738799054203,37.92259804955263,0.99,0.13268858224291746,0.09435860734519852,36.07831985421758,0.99
sticker_demo_10s_001,simulated_mouse_001,234,7.8,30,mm,-0.2911396085464295,-0.24880613224841125,61.61970968644198,0.99,-30.173442429425116,11.918420982133426,37.866268617501646,0.99,30.010282950966225,-12.26648690042299,37.46728237153823,0.99,-0.1172819014086841,-0.09751388304271474,35.91089953945155,0.99
sticker_demo_10s_001,simulated_mouse_001,235,7.833333,30,mm,0.4867641498734253,-0.02888965579070027,62.03788411578957,0.99,-29.830351183908324,11.861694109460085,37.860772860122985,0.99,29.791881393615135,-11.96071813271371,37.93169699308006,0.99,-0.17399073746287066,-0.03983862406107558,35.8468110242124,0.99
sticker_demo_10s_001,simulated_mouse_001,236,7.866667,30,mm,-0.3928593323921328,-0.28882237791556453,61.87300659700566,0.99,-30.04707927102502,12.307711650562194,38.312715354454376,0.99,29.792941848596204,-11.897249423208795,38.14258657130824,0.99,-0.0004306359236684686,0.16704316775267355,36.199073493218044,0.99
sticker_demo_10s_001,simulated_mouse_001,237,7.9,30,mm,0.270814336237487,0.16818861049039552,61.760304472394566,0.99,-29.78060190232249,11.58631579084134,37.983861245892626,0.99,30.31646629501217,-12.341997472341562,37.46484026317448,0.99,0.02244958692187239,-0.19246671666725573,36.102140659380744,0.99
sticker_demo_10s_001,simulated_mouse_001,238,7.933333,30,mm,-0.018198719253858693,-0.0300740986515663,62.074575694083315,0.99,-30.152363034456922,11.931057688127284,38.1383522626665,0.99,30.122517350849492,-11.824538233810792,37.83582379224142,0.99,0.4216399173747539,-0.21394188796017552,36.019489929693876,0.99
sticker_demo_10s_001,simulated_mouse_001,239,7.966667,30,mm,-0.3302860607097426,-0.22653286151719376,62.469118595027815,0.99,-30.16490577631539,12.134967471889397,38.12277415120188,0.99,29.82377622816479,-11.731171694297315,37.90673675609049,0.99,0.22367026469275408,-0.03720451951054986,36.000628766211044,0.99
sticker_demo_10s_001,simulated_mouse_001,240,8.0,30,mm,-0.4093859739157,-0.007140684090742475,61.904089197832114,0.99,-29.922114938563166,11.869804255897355,37.9525885982502,0.99,29.711751671964308,-11.943294007767932,37.919072695660056,0.99,-0.17959595425759867,-0.3060518449986781,36.282337702658275,0.99
sticker_demo_10s_001,simulated_mouse_001,241,8.033333,30,mm,0.004744238374439828,-0.21473587635861066,61.75905913371434,0.99,-29.737560070545573,11.865068635459084,38.15693720494834,0.99,30.329730622197246,-12.102090522469911,38.21456589499689,0.99,0.363817222901609,-0.022339331419408883,36.1301918051316,0.99
sticker_demo_10s_001,simulated_mouse_001,242,8.066667,30,mm,0.36593918528269365,0.09894516772281647,61.91839070314645,0.99,-30.031195134801315,12.109291275170504,37.87391759992093,0.99,30.065209380651943,-11.89949121182358,38.15370132686514,0.99,-0.04046945145352821,-0.17227765444173984,36.124329132665046,0.99
sticker_demo_10s_001,simulated_mouse_001,243,8.1,30,mm,0.03152685313280392,-0.11742224097397824,61.954269720871,0.99,-30.404171117756906,11.968659489359316,38.0082148986179,0.99,30.101309223395422,-12.194211376126061,38.04154913023646,0.99,0.04820738408851975,-0.1298946656841566,35.95352848686063,0.99
sticker_demo_10s_001,simulated_mouse_001,244,8.133333,30,mm,0.053153276714776744,-0.2553288811127004,61.9275618161858,0.99,-30.13853831906845,12.32048497408636,37.91774021937464,0.99,30.093430071246665,-11.873301642945433,38.16969801282543,0.99,0.004288971712535843,0.2035319124149647,36.24702809430345,0.99
sticker_demo_10s_001,simulated_mouse_001,245,8.166667,30,mm,-0.008911268217535968,0.3205069864994482,62.20975631880461,0.99,-30.257875928048033,11.738398773830074,37.75835393086682,0.99,30.00449275900004,-11.754870529370413,38.189643830991,0.99,0.08857442338068183,-0.20595590399548094,35.9698953967429,0.99
sticker_demo_10s_001,simulated_mouse_001,246,8.2,30,mm,0.08965468673470718,-0.0712524742974304,61.65894671510082,0.99,-30.085024951233706,11.979732487822202,37.861002756308075,0.99,29.941197488066052,-11.882286758892729,38.328492303813384,0.99,0.15673249100680295,0.08038288118837666,35.92362202654206,0.99
sticker_demo_10s_001,simulated_mouse_001,247,8.233333,30,mm,0.14327110125968695,-0.1933364279406459,61.73012216818221,0.99,-30.19872303032444,11.928260435546855,38.088362239229674,0.99,30.080358155990858,-11.60632618968444,37.86134082714318,0.99,-0.06961664971178903,-0.3291629701419085,36.12393840236676,0.99
sticker_demo_10s_001,simulated_mouse_001,248,8.266667,30,mm,0.07770323398085442,0.047660978508237806,61.95800389273211,0.99,-29.84753711370713,12.011938269531269,38.0136940416292,0.99,29.91165166047209,-11.749245942750727,38.33661438396822,0.99,0.25449414969511197,-0.09597233722489384,35.55281955368385,0.99
sticker_demo_10s_001,simulated_mouse_001,249,8.3,30,mm,-0.04443519204852376,0.059866096096559386,62.112868272900734,0.99,-29.823336626156518,11.873279471103116,38.039551531099136,0.99,30.107504969901573,-12.485754368080203,38.249495447870444,0.99,-0.11949332347557298,-0.0958646742761973,36.04716763160978,0.99
sticker_demo_10s_001,simulated_mouse_001,250,8.333333,30,mm,0.12230984254876623,0.06703077431712755,62.148501660171135,0.99,-30.04674015754005,12.320799286292502,37.893128412427345,0.99,29.76331317505858,-12.131699592682239,38.25219371280464,0.99,-0.09530873949311958,-0.24645570457381255,35.92611810993073,0.99
sticker_demo_10s_001,simulated_mouse_001,251,8.366667,30,mm,0.14842144279218017,-0.1852406402300668,62.16992207737829,0.99,-29.989916411138022,11.770371699067484,38.26251030830875,0.99,29.819839381621524,-11.914039110478479,38.22704824470648,0.99,-0.12643884706548936,0.25515680901599525,36.019010317954645,0.99
sticker_demo_10s_001,simulated_mouse_001,252,8.4,30,mm,-0.0030777373278588864,0.22485801094480165,62.07841461099358,0.99,-29.65566866803818,11.95441827589779,38.10554825678811,0.99,30.35455762419637,-12.08060701759511,38.44310863771343,0.99,-0.46166171132760553,-0.14310559337710307,35.977208112871345,0.99
sticker_demo_10s_001,simulated_mouse_001,253,8.433333,30,mm,-0.05495692845187159,0.4566012869958119,61.88037554199201,0.99,-29.973874943955128,11.753581504658456,37.89718688080827,0.99,29.877605292425525,-11.969580013537726,38.06353938578923,0.99,0.07831281811106006,-0.09953513776011172,35.89494815483019,0.99
sticker_demo_10s_001,simulated_mouse_001,254,8.466667,30,mm,-0.04734213662050109,0.28994540914500844,62.04238462504466,0.99,-30.073765916749647,11.81722592193231,38.06344226859169,0.99,30.29687369119443,-11.628794269761318,38.14735372562785,0.99,-0.2434860296484696,0.06430758067252937,36.2222399360424,0.99
sticker_demo_10s_001,simulated_mouse_001,255,8.5,30,mm,-0.004627227790361644,-0.2548504103189332,61.95515714101642,0.99,-29.96967486735206,11.853100263128788,38.07556942775943,0.99,30.30334540785847,-12.035819421001827,38.01488508711314,0.99,0.11123284050232173,-0.051743107626971346,35.77812936384445,0.99
sticker_demo_10s_001,simulated_mouse_001,256,8.533333,30,mm,0.07716715159487911,-0.03162609029965204,62.18847987734479,0.99,-30.00311851527742,12.08964283212101,37.706323186391344,0.99,30.325221072652138,-12.012883826775523,37.52417082026644,0.99,-0.17213295154432895,0.07006740646391606,35.98080462516467,0.99
sticker_demo_10s_001,simulated_mouse_001,257,8.566667,30,mm,0.11020675897805643,0.47676072373068323,61.87448162773984,0.99,-30.061065724214377,12.037672601439548,37.810985320860034,0.99,30.035378403959484,-11.878535580421998,38.15812584286178,0.99,-0.1314639443047197,-0.007463820282292151,35.880624058078894,0.99
sticker_demo_10s_001,simulated_mouse_001,258,8.6,30,mm,0.02173820387009667,0.15974880327939633,61.91119095755493,0.99,-30.48329392844874,11.79275377051117,38.05100859477981,0.99,29.794103302842725,-11.993209504351181,38.2000411710841,0.99,-0.04651020899130931,0.45902699264712976,35.77293261397518,0.99
sticker_demo_10s_001,simulated_mouse_001,259,8.633333,30,mm,-0.25912921175600695,-0.23834496008798506,61.79250230169451,0.99,-29.773544930142773,12.054727780157444,37.47871100948827,0.99,29.73322575586452,-12.066876692752807,38.076664134318,0.99,-0.07429704982970849,0.325050055580975,35.939025644273094,0.99
sticker_demo_10s_001,simulated_mouse_001,260,8.666667,30,mm,-0.5001469389561715,0.04485716712519047,62.20810770223642,0.99,-30.054489304802953,11.801181977053352,38.23306389949059,0.99,30.492443513826796,-11.75661302227406,38.050346107561445,0.99,-0.08249039009911185,0.271221254905264,35.812767646763824,0.99
sticker_demo_10s_001,simulated_mouse_001,261,8.7,30,mm,0.4049845165116117,-0.11181161360456314,62.286983428686995,0.99,-30.08697349027247,11.724156853369854,37.960716921837985,0.99,29.801881873900953,-12.00547962359739,37.842498661523656,0.99,0.1824897886539321,0.04098075361222975,35.51472661266038,0.99
sticker_demo_10s_001,simulated_mouse_001,262,8.733333,30,mm,-0.11901819833740007,0.38369977377211817,61.73973191013714,0.99,-29.790078722617523,12.18925819107079,37.99166160177639,0.99,29.857423784732386,-12.000341079990823,37.80076642906992,0.99,0.26012760242469307,-0.056513459988487606,36.416259595497415,0.99
sticker_demo_10s_001,simulated_mouse_001,263,8.766667,30,mm,0.04304334355402761,-0.11292785506284186,61.896307767701,0.99,-29.552931640490566,11.91132090164778,37.936525277915486,0.99,29.86847307876497,-11.903065423389378,38.00863589086335,0.99,0.08826101884165496,0.10940259679320208,35.81798434996639,0.99
sticker_demo_10s_001,simulated_mouse_001,264,8.8,30,mm,0.45211911304238117,0.29385896293295083,62.159554518464326,0.99,-30.136187524003837,12.01756408968947,38.09642430364507,0.99,30.059709504445383,-12.027565379397215,38.480455213602845,0.99,-0.20195812728514514,0.07067493039635417,36.02578325636821,0.99
sticker_demo_10s_001,simulated_mouse_001,265,8.833333,30,mm,0.07283910506091396,0.3679379048061532,61.96089326498454,0.99,-30.44531701845949,12.103926021567796,38.10016541576884,0.99,30.00026338331219,-12.028206979083269,37.512008919692484,0.99,0.2995630732209704,0.18032087037507827,35.87524276458305,0.99
sticker_demo_10s_001,simulated_mouse_001,266,8.866667,30,mm,-0.17380586631620581,-0.03032180386740095,62.14253281256245,0.99,-30.122141530682498,11.658528787231674,38.165879212339306,0.99,29.90391447556161,-11.997644859383387,38.20324252375158,0.99,0.25907575195998556,-0.2457047644942439,35.94148629101885,0.99
sticker_demo_10s_001,simulated_mouse_001,267,8.9,30,mm,-0.049372127601054416,-0.02021262844138806,62.38677648949029,0.99,-30.395673954922945,11.872331755770283,38.37891756322654,0.99,30.059238280862687,-11.915887454138407,38.03132809242959,0.99,-0.08258897988621315,-0.2146762410260173,36.150778584465236,0.99
sticker_demo_10s_001,simulated_mouse_001,268,8.933333,30,mm,-0.10580035324058615,-0.08964942975219779,62.068060094934836,0.99,-30.254950294644484,11.883335478570023,38.226113343060995,0.99,29.64516562865904,-12.240217096257773,37.715303114853285,0.99,0.16730056895543344,-0.016094526696822632,36.17497455303227,0.99
sticker_demo_10s_001,simulated_mouse_001,269,8.966667,30,mm,0.29639035044098555,-0.11049945893834619,61.93180132607962,0.99,-30.262189990693592,11.884825732901003,37.89144830420024,0.99,30.08978835162183,-11.802963705359305,38.42400803181845,0.99,-0.1976786711843959,0.25302703027066265,36.100601327907796,0.99
sticker_demo_10s_001,simulated_mouse_001,270,9.0,30,mm,-0.016067541853829876,0.10258637770575474,61.93261504453239,0.99,-29.907812318517976,11.911099146094713,38.261450785757035,0.99,30.13156361425877,-11.834716405350404,37.94621664161377,0.99,0.11869099091667697,0.026936716828261733,36.14244306458192,0.99
sticker_demo_10s_001,simulated_mouse_001,271,9.033333,30,mm,0.5229191081900281,0.17058107632646766,61.89330995446116,0.99,-30.141084224271346,11.719875098175203,38.012055546070265,0.99,29.799204082132402,-12.249991085427506,38.019206326606366,0.99,-0.1801670590970102,0.14208260190184108,35.669786971845994,0.99
sticker_demo_10s_001,simulated_mouse_001,272,9.066667,30,mm,0.4346945668351782,-0.00016266990254403094,61.99856939982795,0.99,-30.242496504677465,11.914628725564791,38.452585297907326,0.99,29.98572879522161,-12.018344464262414,37.969025766613825,0.99,0.26206742012414563,-0.0002747402144745287,36.02969055698215,0.99
sticker_demo_10s_001,simulated_mouse_001,273,9.1,30,mm,0.1627377422828546,-0.3825899403726122,61.74754193338886,0.99,-30.098516049246918,12.186764697312805,37.94201851220271,0.99,30.311495103561526,-11.761880526044719,38.26330410433995,0.99,0.06526798268584871,-0.18909949076977395,36.0850937226152,0.99
sticker_demo_10s_001,simulated_mouse_001,274,9.133333,30,mm,0.16068623827517994,0.09639026879030482,61.85080074257948,0.99,-29.65870852710145,12.074044931708654,38.39765663055238,0.99,30.396272766206504,-11.99947304570162,38.041004163938176,0.99,-0.15237309395322005,0.11459012134022693,36.19833651308365,0.99
sticker_demo_10s_001,simulated_mouse_001,275,9.166667,30,mm,0.14032185287698942,0.1596139262905797,62.217217225548694,0.99,-29.69348128626315,12.059193018974742,38.13744337128379,0.99,30.169539867739317,-12.201458809352719,37.987615592017846,0.99,-0.06928700039784727,0.09742726738531195,36.13502187530335,0.99
sticker_demo_10s_001,simulated_mouse_001,276,9.2,30,mm,0.2963257864371993,-0.11465764082400248,62.1826691269062,0.99,-29.932224971774428,11.991933082362875,38.23396751817279,0.99,30.002369495902833,-12.023096275038757,38.382212860913654,0.99,0.12220914530583973,0.2462581053021276,35.942602275027035,0.99
sticker_demo_10s_001,simulated_mouse_001,277,9.233333,30,mm,-0.08716370260468514,-0.055271679259187724,62.23414479732792,0.99,-29.599884567881382,12.19946935761349,37.34716551971059,0.99,30.277413534295555,-11.79904899677657,38.05688994971023,0.99,-0.09550528542383939,-0.17766847438072078,36.04342924260801,0.99
sticker_demo_10s_001,simulated_mouse_001,278,9.266667,30,mm,0.14246480662841707,0.12418096418859684,62.00702025042848,0.99,-30.070650681401734,12.163042379023702,38.3224081875887,0.99,30.067584741927828,-11.714903023097154,37.98794155957951,0.99,0.17907116458840192,0.12876104902440297,36.02843913463361,0.99
sticker_demo_10s_001,simulated_mouse_001,279,9.3,30,mm,0.08426234954527308,-0.05286068209067735,61.394314764810545,0.99,-29.934109780545374,11.863519828614402,38.10428362269169,0.99,30.14267061645319,-12.14891779035563,37.97879898084763,0.99,0.04855778764652231,0.1362565839569644,36.29323088645185,0.99
sticker_demo_10s_001,simulated_mouse_001,280,9.333333,30,mm,-0.20950934862658058,0.1278373791181535,62.13028173392821,0.99,-29.680635016476735,12.197984093152076,38.14825171516713,0.99,30.32617414435741,-12.09601810165546,37.811488879076855,0.99,-0.16986861149670018,0.49449747723950677,36.12339758412458,0.99
sticker_demo_10s_001,simulated_mouse_001,281,9.366667,30,mm,0.2216097673400752,0.11952536795029096,62.18599996775605,0.99,-30.06516492670278,11.725469084228475,37.81983971170889,0.99,30.060418610191544,-12.115956811525766,37.88468334153134,0.99,-0.6576506050814729,0.0044821326991890415,36.06522131217568,0.99
sticker_demo_10s_001,simulated_mouse_001,282,9.4,30,mm,-0.051631847864976425,-0.27867355029678814,61.877305993931266,0.99,-30.04837195174751,11.883289799353264,38.13971295091001,0.99,29.833503013487178,-12.141000544028397,38.07069188174654,0.99,-0.1154942545607516,-0.1826893711021512,36.18326284111807,0.99
sticker_demo_10s_001,simulated_mouse_001,283,9.433333,30,mm,-0.46501536996131493,-0.4990008674146492,62.04350308943968,0.99,-30.204073474742383,12.112312038520493,37.83486999301578,0.99,29.854445020399336,-11.908673616020918,37.81779249096569,0.99,-0.01901147350434063,0.04057061675698579,35.85500554832254,0.99
sticker_demo_10s_001,simulated_mouse_001,284,9.466667,30,mm,0.19090048493916437,-0.12005574686530268,61.59757630703734,0.99,-30.270270368568536,11.934336119922168,38.04126352553471,0.99,30.12251263674118,-11.808848069703997,38.19180460129011,0.99,0.3835013375735831,0.14854104736276602,36.04075108717324,0.99
sticker_demo_10s_001,simulated_mouse_001,285,9.5,30,mm,0.2842293405758573,0.38144767967988447,62.18601417486584,0.99,-30.143432931843066,12.28844477364218,38.24286036670534,0.99,29.986119851005856,-12.121652283093022,38.067125758503316,0.99,0.011444383132328234,0.239415946412523,36.122496206882516,0.99
sticker_demo_10s_001,simulated_mouse_001,286,9.533333,30,mm,0.19208758180244379,-0.017233245561985536,61.98370951660608,0.99,-30.053705419569784,11.501837765335452,37.923397799992436,0.99,30.069149494846794,-12.070563093461818,37.88386174925592,0.99,0.1079269033270412,0.03702789891214092,35.79890987933185,0.99
sticker_demo_10s_001,simulated_mouse_001,287,9.566667,30,mm,0.06964168325508617,0.27950658952340185,61.77183975003839,0.99,-29.286309301278802,12.068779853592245,38.081855676460464,0.99,30.076734659064826,-11.93593829652222,38.09870462054543,0.99,-0.2204764334965688,-0.04699978313352732,36.07698787722486,0.99
sticker_demo_10s_001,simulated_mouse_001,288,9.6,30,mm,0.3226787999553503,-0.10089708724299047,61.963794281497314,0.99,-29.857704726707883,11.712196452731622,38.02927394049012,0.99,30.211243889721917,-11.993059291261448,38.28303876420284,0.99,0.3087084990392759,-0.0208164159876613,36.18499443703741,0.99
sticker_demo_10s_001,simulated_mouse_001,289,9.633333,30,mm,-0.04671952961037783,0.1365402303092896,62.0566528570386,0.99,-29.90850332438218,11.776340660029087,37.948045177096965,0.99,30.509448799918452,-11.984885153625568,37.899899909172596,0.99,0.04599792979122298,-0.19784925635649442,35.84301401255752,0.99
sticker_demo_10s_001,simulated_mouse_001,290,9.666667,30,mm,-0.1291164475566168,-0.02469552318653145,61.982081556138,0.99,-30.280496365825563,11.92951086728034,37.97076048590264,0.99,29.896974008585804,-11.845523566571702,37.902675127555455,0.99,0.25374361097690823,0.03394429039610691,36.01265171273821,0.99
sticker_demo_10s_001,simulated_mouse_001,291,9.7,30,mm,-0.517925851386892,-0.2049574260341799,61.712146469406925,0.99,-30.15331882265464,12.202328448329192,37.90270049749802,0.99,30.191880330957193,-11.853087085276892,38.09930665071746,0.99,-0.2033454152374748,-0.17354422734369424,36.31202724121712,0.99
sticker_demo_10s_001,simulated_mouse_001,292,9.733333,30,mm,0.16580389336588944,0.1445240084419198,62.115569567912495,0.99,-29.950416796855528,11.917049244804417,38.343494888437924,0.99,30.1062197603066,-12.028215971594294,37.95466631635524,0.99,0.4335896820597145,-0.2528053634340978,36.23844603361936,0.99
sticker_demo_10s_001,simulated_mouse_001,293,9.766667,30,mm,0.14549835997670024,0.06425472033774099,61.639564070514915,0.99,-29.86125339659469,11.71004080300827,37.92287867861405,0.99,30.07101621219568,-12.226534831548783,38.47015940738178,0.99,-0.0804983340607166,0.012965540249311609,36.36820862679531,0.99
sticker_demo_10s_001,simulated_mouse_001,294,9.8,30,mm,-0.40434916178501307,0.006355922959374587,62.0872152111623,0.99,-29.574781682747624,11.777339575340072,37.97880549690738,0.99,30.27144846717661,-11.909343283046548,37.97727612244441,0.99,0.04058417103135964,0.6409152167353338,35.91173690039064,0.99
sticker_demo_10s_001,simulated_mouse_001,295,9.833333,30,mm,-0.08328247457390206,-0.01249492247736099,61.94031410638709,0.99,-29.98539621634069,12.135419602396693,38.04005376456963,0.99,29.943894869922868,-11.683503511208556,37.90565977679267,0.99,-0.014831387554663893,0.14028451407619222,35.994248398235484,0.99
sticker_demo_10s_001,simulated_mouse_001,296,9.866667,30,mm,0.23931715432026396,-0.1810885663350804,62.1065034299107,0.99,-30.12788139990534,11.849770955263331,37.967976115433075,0.99,30.123904152544277,-11.91366328715777,37.79013137209452,0.99,-0.23172990287678605,0.056674814077515616,36.31966293403447,0.99
sticker_demo_10s_001,simulated_mouse_001,297,9.9,30,mm,-0.11863442842462822,0.05285717285312233,61.96067233815519,0.99,-30.239595663114464,12.050174737557152,38.196572487283724,0.99,29.93060130304062,-11.860365191260943,37.95959309718371,0.99,-0.03054327606778248,-0.17616536881377687,36.0129066274006,0.99
sticker_demo_10s_001,simulated_mouse_001,298,9.933333,30,mm,0.5710325676381506,-0.02675148081488357,62.37433895512208,0.99,-30.350605413889706,12.21630377631812,38.00256274820779,0.99,29.831969121826358,-12.198351396485013,38.040252173376594,0.99,-0.08640674966900745,-0.18317913646272518,35.87316918886448,0.99
sticker_demo_10s_001,simulated_mouse_001,299,9.966667,30,mm,-0.21835659744112582,-0.0009285210809676413,61.852050969585854,0.99,-29.63504757061716,11.649839759349437,37.720989480835456,0.99,30.040210609064385,-11.96177577994895,38.06349245650725,0.99,0.054487042594945405,0.2127982928130405,36.17550175798336,0.99
